trans_id,account_id,date,type,operation,amount,balance,k_symbol,bank,account
695247,2378,1993-01-01,PRIJEM,VKLAD,700.0,700.0,,,
171812,576,1993-01-01,PRIJEM,VKLAD,900.0,900.0,,,
207264,704,1993-01-01,PRIJEM,VKLAD,1000.0,1000.0,,,
1117247,3818,1993-01-01,PRIJEM,VKLAD,600.0,600.0,,,
579373,1972,1993-01-02,PRIJEM,VKLAD,400.0,400.0,,,
771035,2632,1993-01-02,PRIJEM,VKLAD,1100.0,1100.0,,,
452728,1539,1993-01-03,PRIJEM,VKLAD,600.0,600.0,,,
725751,2484,1993-01-03,PRIJEM,VKLAD,1100.0,1100.0,,,
497211,1695,1993-01-03,PRIJEM,VKLAD,200.0,200.0,,,
232960,793,1993-01-03,PRIJEM,VKLAD,800.0,800.0,,,
505240,1726,1993-01-03,PRIJEM,VKLAD,1000.0,1000.0,,,
144541,485,1993-01-04,PRIJEM,VKLAD,300.0,300.0,,,
637741,2177,1993-01-04,PRIJEM,VKLAD,800.0,800.0,,,
689827,2357,1993-01-04,PRIJEM,VKLAD,800.0,800.0,,,
846006,2881,1993-01-04,PRIJEM,VKLAD,700.0,700.0,,,
637742,2177,1993-01-05,PRIJEM,PREVOD Z UCTU,5123.0,5923.0,DUCHOD,YZ,62457513.0
2908688,9635,1993-01-05,PRIJEM,VKLAD,400.0,400.0,,,
232961,793,1993-01-05,PRIJEM,PREVOD Z UCTU,3401.0,4201.0,,IJ,6149286.0
192096,652,1993-01-05,PRIJEM,VKLAD,700.0,700.0,,,
542215,1844,1993-01-06,PRIJEM,VKLAD,500.0,500.0,,,
565654,1926,1993-01-06,PRIJEM,VKLAD,700.0,700.0,,,
542216,1844,1993-01-07,PRIJEM,PREVOD Z UCTU,3242.0,3742.0,,ST,42988401.0
1027725,3510,1993-01-07,PRIJEM,VKLAD,500.0,500.0,,,
374589,1276,1993-01-07,PRIJEM,VKLAD,400.0,400.0,,,
579374,1972,1993-01-07,PRIJEM,PREVOD Z UCTU,5298.0,5698.0,DUCHOD,UV,14132887.0
699220,2393,1993-01-07,PRIJEM,VKLAD,900.0,900.0,,,
129502,435,1993-01-08,PRIJEM,VKLAD,400.0,400.0,,,
374590,1276,1993-01-08,PRIJEM,VKLAD,6774.0,7174.0,,,
57433,192,1993-01-08,PRIJEM,VKLAD,300.0,300.0,,,
497212,1695,1993-01-08,PRIJEM,VKLAD,11832.0,12032.0,,,
621760,2122,1993-01-08,PRIJEM,VKLAD,300.0,300.0,,,
480214,1637,1993-01-08,PRIJEM,VKLAD,500.0,500.0,,,
612392,2087,1993-01-08,PRIJEM,VKLAD,600.0,600.0,,,
224342,764,1993-01-08,PRIJEM,VKLAD,1100.0,1100.0,,,
1049881,3592,1993-01-08,PRIJEM,VKLAD,600.0,600.0,,,
1132662,3871,1993-01-08,PRIJEM,VKLAD,300.0,300.0,,,
1021120,3487,1993-01-08,PRIJEM,VKLAD,800.0,800.0,,,
439035,1493,1993-01-09,PRIJEM,VKLAD,200.0,200.0,,,
110534,374,1993-01-09,PRIJEM,VKLAD,400.0,400.0,,,
771036,2632,1993-01-09,PRIJEM,VKLAD,14264.0,15364.0,,,
506450,1730,1993-01-09,PRIJEM,VKLAD,900.0,900.0,,,
192097,652,1993-01-09,PRIJEM,VKLAD,13851.0,14551.0,,,
1117248,3818,1993-01-09,PRIJEM,VKLAD,17366.0,17966.0,,,
695720,2379,1993-01-10,PRIJEM,VKLAD,800.0,800.0,,,
857973,2925,1993-01-10,PRIJEM,VKLAD,1000.0,1000.0,,,
477638,1628,1993-01-10,PRIJEM,VKLAD,700.0,700.0,,,
1049882,3592,1993-01-10,PRIJEM,PREVOD Z UCTU,6007.0,6607.0,DUCHOD,MN,73166322.0
252644,866,1993-01-10,PRIJEM,VKLAD,500.0,500.0,,,
393505,1338,1993-01-11,PRIJEM,VKLAD,400.0,400.0,,,
171813,576,1993-01-11,PRIJEM,PREVOD Z UCTU,6207.0,7107.0,DUCHOD,YZ,30300313.0
581699,1979,1993-01-11,PRIJEM,VKLAD,900.0,900.0,,,
252645,866,1993-01-11,PRIJEM,VKLAD,12644.0,13144.0,,,
101386,346,1993-01-11,PRIJEM,VKLAD,800.0,800.0,,,
689828,2357,1993-01-12,PRIJEM,PREVOD Z UCTU,6434.0,7234.0,DUCHOD,OP,34144538.0
725752,2484,1993-01-12,PRIJEM,VKLAD,14779.0,15879.0,,,
565655,1926,1993-01-12,PRIJEM,VKLAD,4507.0,5207.0,,,
857974,2925,1993-01-12,PRIJEM,VKLAD,6446.0,7446.0,,,
560898,1909,1993-01-12,PRIJEM,VKLAD,800.0,800.0,,,
207265,704,1993-01-12,PRIJEM,VKLAD,17477.0,18477.0,,,
477639,1628,1993-01-12,PRIJEM,PREVOD Z UCTU,4276.0,4976.0,DUCHOD,UV,15916598.0
615542,2099,1993-01-12,PRIJEM,VKLAD,1100.0,1100.0,,,
439036,1493,1993-01-13,PRIJEM,PREVOD Z UCTU,5009.0,5209.0,DUCHOD,AB,54522466.0
1100759,3760,1993-01-13,PRIJEM,VKLAD,1000.0,1000.0,,,
480215,1637,1993-01-13,PRIJEM,PREVOD Z UCTU,5718.0,6218.0,DUCHOD,UV,45134812.0
1548749,5270,1993-01-13,PRIJEM,VKLAD,800.0,800.0,,,
505241,1726,1993-01-13,PRIJEM,VKLAD,13967.0,14967.0,,,
846007,2881,1993-01-13,PRIJEM,VKLAD,6959.0,7659.0,,,
1021121,3487,1993-01-13,PRIJEM,VKLAD,15914.0,16714.0,,,
2908689,9635,1993-01-14,PRIJEM,PREVOD Z UCTU,4470.0,4870.0,DUCHOD,CD,37906074.0
858384,2926,1993-01-14,PRIJEM,VKLAD,600.0,600.0,,,
498389,1699,1993-01-14,PRIJEM,VKLAD,800.0,800.0,,,
699221,2393,1993-01-14,PRIJEM,VKLAD,10737.0,11637.0,,,
1142758,3909,1993-01-14,PRIJEM,VKLAD,700.0,700.0,,,
1548750,5270,1993-01-14,PRIJEM,PREVOD Z UCTU,44749.0,45549.0,,IJ,80269753.0
506836,1731,1993-01-14,PRIJEM,VKLAD,200.0,200.0,,,
3393738,11265,1993-01-14,PRIJEM,VKLAD,1000.0,1000.0,,,
621775,2122,1993-01-15,PRIJEM,VKLAD,46552.0,46852.0,,,
737258,2519,1993-01-15,PRIJEM,VKLAD,500.0,500.0,,,
144549,485,1993-01-16,PRIJEM,VKLAD,13156.0,13456.0,,,
435762,1481,1993-01-17,PRIJEM,VKLAD,1000.0,1000.0,,,
1027726,3510,1993-01-17,PRIJEM,VKLAD,23323.0,23823.0,,,
3122924,10364,1993-01-17,PRIJEM,VKLAD,1100.0,1100.0,,,
1176385,4034,1993-01-18,PRIJEM,VKLAD,200.0,200.0,,,
119435,401,1993-01-18,PRIJEM,VKLAD,300.0,300.0,,,
1100767,3760,1993-01-18,PRIJEM,VKLAD,10792.0,11792.0,,,
682546,2330,1993-01-19,PRIJEM,VKLAD,200.0,200.0,,,
529772,1806,1993-01-19,PRIJEM,VKLAD,400.0,400.0,,,
1121963,3834,1993-01-19,PRIJEM,VKLAD,700.0,700.0,,,
359511,1222,1993-01-20,PRIJEM,VKLAD,700.0,700.0,,,
63712,212,1993-01-20,PRIJEM,VKLAD,200.0,200.0,,,
298978,1019,1993-01-21,PRIJEM,VKLAD,1100.0,1100.0,,,
136957,459,1993-01-21,PRIJEM,VKLAD,1000.0,1000.0,,,
135814,456,1993-01-21,PRIJEM,VKLAD,700.0,700.0,,,
226654,772,1993-01-21,PRIJEM,VKLAD,500.0,500.0,,,
3402664,11295,1993-01-21,PRIJEM,VKLAD,1100.0,1100.0,,,
695250,2378,1993-01-22,PRIJEM,VKLAD,7268.0,7968.0,,,
451890,1536,1993-01-22,PRIJEM,VKLAD,300.0,300.0,,,
785190,2676,1993-01-22,PRIJEM,VKLAD,200.0,200.0,,,
615548,2099,1993-01-22,PRIJEM,VKLAD,16125.0,17225.0,,,
871631,2970,1993-01-22,PRIJEM,VKLAD,400.0,400.0,,,
695266,2378,1993-01-23,PRIJEM,VKLAD,14440.0,22408.0,,,
347543,1179,1993-01-23,PRIJEM,VKLAD,700.0,700.0,,,
708081,2425,1993-01-23,PRIJEM,VKLAD,900.0,900.0,,,
83658,280,1993-01-23,PRIJEM,VKLAD,300.0,300.0,,,
695262,2378,1993-01-24,PRIJEM,VKLAD,49752.0,72160.0,,,
1183176,4055,1993-01-24,PRIJEM,VKLAD,200.0,200.0,,,
615547,2099,1993-01-24,PRIJEM,VKLAD,36518.0,53743.0,,,
1084396,3704,1993-01-24,PRIJEM,VKLAD,500.0,500.0,,,
2809952,9307,1993-01-24,PRIJEM,VKLAD,900.0,900.0,,,
1486053,5065,1993-01-24,PRIJEM,VKLAD,300.0,300.0,,,
1736607,5891,1993-01-25,PRIJEM,VKLAD,900.0,900.0,,,
142150,477,1993-01-25,PRIJEM,VKLAD,1000.0,1000.0,,,
292053,1000,1993-01-25,PRIJEM,VKLAD,200.0,200.0,,,
695265,2378,1993-01-26,PRIJEM,VKLAD,21899.0,94059.0,,,
144551,485,1993-01-26,PRIJEM,VKLAD,12336.0,25792.0,,,
511264,1750,1993-01-26,PRIJEM,VKLAD,1100.0,1100.0,,,
594014,2023,1993-01-26,PRIJEM,VKLAD,200.0,200.0,,,
484214,1649,1993-01-26,PRIJEM,VKLAD,700.0,700.0,,,
1910780,6473,1993-01-26,PRIJEM,VKLAD,1100.0,1100.0,,,
1910790,6473,1993-01-26,PRIJEM,VKLAD,19961.0,21061.0,,,
48640,163,1993-01-27,PRIJEM,VKLAD,900.0,900.0,,,
783290,2670,1993-01-27,PRIJEM,VKLAD,1100.0,1100.0,,,
752010,2566,1993-01-27,PRIJEM,VKLAD,800.0,800.0,,,
330659,1127,1993-01-27,PRIJEM,VKLAD,600.0,600.0,,,
2176,9,1993-01-27,PRIJEM,VKLAD,400.0,400.0,,,
336631,1144,1993-01-28,PRIJEM,VKLAD,200.0,200.0,,,
131922,443,1993-01-28,PRIJEM,VKLAD,500.0,500.0,,,
1256504,4296,1993-01-28,PRIJEM,VKLAD,200.0,200.0,,,
851325,2902,1993-01-28,PRIJEM,VKLAD,200.0,200.0,,,
393512,1338,1993-01-29,PRIJEM,VKLAD,38000.0,38400.0,,,
612405,2087,1993-01-29,PRIJEM,VKLAD,16983.0,17583.0,,,
1081327,3693,1993-01-29,PRIJEM,VKLAD,1000.0,1000.0,,,
608135,2070,1993-01-29,PRIJEM,VKLAD,300.0,300.0,,,
1190752,4078,1993-01-30,PRIJEM,VKLAD,300.0,300.0,,,
541681,1843,1993-01-30,PRIJEM,VKLAD,1000.0,1000.0,,,
796773,2714,1993-01-30,PRIJEM,VKLAD,800.0,800.0,,,
695560,2378,1993-01-31,VYDAJ,VYBER,34700.0,59453.7,,,
3591421,1844,1993-01-31,PRIJEM,,12.6,3754.6,UROK,,
3617490,2632,1993-01-31,PRIJEM,,47.5,15411.5,UROK,,
3579543,1493,1993-01-31,PRIJEM,,13.3,5222.3,UROK,,
3558798,866,1993-01-31,PRIJEM,,37.1,13181.1,UROK,,
3453599,6473,1993-01-31,PRIJEM,,17.0,21078.0,UROK,,
3513134,9635,1993-01-31,PRIJEM,,11.1,4892.9,UROK,,
3574567,1338,1993-01-31,PRIJEM,,15.5,38415.5,UROK,,
3654666,3760,1993-01-31,PRIJEM,,22.2,11814.2,UROK,,
3656579,3818,1993-01-31,PRIJEM,,55.8,18021.8,UROK,,
3456844,9635,1993-01-31,PRIJEM,,11.8,4881.8,UROK,,
3553661,704,1993-01-31,PRIJEM,,50.1,18527.1,UROK,,
3552056,652,1993-01-31,PRIJEM,,45.0,14596.0,UROK,,
3583848,1628,1993-01-31,PRIJEM,,13.4,4989.4,UROK,,
3584201,1637,1993-01-31,PRIJEM,,15.9,6233.9,UROK,,
3586191,1695,1993-01-31,PRIJEM,,38.8,12070.8,UROK,,
3587145,1726,1993-01-31,PRIJEM,,38.2,15005.2,UROK,,
3549613,576,1993-01-31,PRIJEM,,20.1,7127.1,UROK,,
3546683,485,1993-01-31,PRIJEM,,38.9,25830.9,UROK,,
3599467,2087,1993-01-31,PRIJEM,,7.1,17590.1,UROK,,
3600403,2122,1993-01-31,PRIJEM,,107.1,46959.1,UROK,,
3466049,3510,1993-01-31,PRIJEM,,48.0,23871.0,UROK,,
3444292,2099,1993-01-31,PRIJEM,,62.4,53805.4,UROK,,
207642,704,1993-01-31,PRIJEM,VKLAD,2900.0,21427.1,,,
3602138,2177,1993-01-31,PRIJEM,,21.5,5944.5,UROK,,
3595783,1972,1993-01-31,PRIJEM,,19.1,5717.1,UROK,,
3594124,1926,1993-01-31,PRIJEM,,14.0,5221.0,UROK,,
3648651,3592,1993-01-31,PRIJEM,,19.5,6626.5,UROK,,
3645341,3487,1993-01-31,PRIJEM,,42.7,16756.7,UROK,,
3556397,793,1993-01-31,PRIJEM,,15.2,4216.2,UROK,,
2809959,9307,1993-01-31,PRIJEM,VKLAD,5282.0,6182.0,,,
3608592,2378,1993-01-31,PRIJEM,,94.7,94153.7,UROK,,
3607855,2357,1993-01-31,PRIJEM,,19.4,7253.4,UROK,,
3609127,2393,1993-01-31,PRIJEM,,28.2,11665.1,UROK,,
3612139,2484,1993-01-31,PRIJEM,,42.7,15921.7,UROK,,
3669814,5270,1993-01-31,PRIJEM,,110.2,45659.2,UROK,,
3479816,9307,1993-01-31,PRIJEM,,0.8,6182.8,UROK,,
3572388,1276,1993-01-31,PRIJEM,,23.1,7197.1,UROK,,
3627125,2925,1993-01-31,PRIJEM,,20.0,7466.0,UROK,,
3625747,2881,1993-01-31,PRIJEM,,19.6,7678.6,UROK,,
1117691,3818,1993-01-31,PRIJEM,VKLAD,2000.0,20021.8,,,
771484,2632,1993-02-01,PRIJEM,VKLAD,5100.0,20511.5,,,
490777,1675,1993-02-01,PRIJEM,VKLAD,1100.0,1100.0,,,
1730428,5868,1993-02-02,PRIJEM,VKLAD,200.0,200.0,,,
453138,1539,1993-02-02,PRIJEM,VKLAD,11900.0,12500.0,,,
754232,2574,1993-02-02,PRIJEM,VKLAD,1100.0,1100.0,,,
726266,2484,1993-02-02,PRIJEM,VKLAD,5500.0,21421.7,,,
497553,1695,1993-02-02,PRIJEM,VKLAD,7500.0,19570.8,,,
529229,1805,1993-02-02,PRIJEM,VKLAD,1100.0,1100.0,,,
882361,3007,1993-02-02,PRIJEM,VKLAD,800.0,800.0,,,
505750,1726,1993-02-02,PRIJEM,VKLAD,6000.0,21005.2,,,
251233,862,1993-02-02,PRIJEM,VKLAD,200.0,200.0,,,
711848,2434,1993-02-02,PRIJEM,VKLAD,600.0,600.0,,,
145127,485,1993-02-03,VYDAJ,VYBER,25300.0,46177.9,,,
144544,485,1993-02-03,PRIJEM,VKLAD,45647.0,71477.9,,,
332444,1132,1993-02-03,PRIJEM,VKLAD,1000.0,1000.0,,,
1313152,4484,1993-02-03,PRIJEM,VKLAD,700.0,700.0,,,
1028980,3514,1993-02-03,PRIJEM,VKLAD,600.0,600.0,,,
275306,943,1993-02-03,PRIJEM,VKLAD,800.0,800.0,,,
846309,2881,1993-02-03,PRIJEM,VKLAD,7000.0,14678.5,,,
138712,465,1993-02-04,PRIJEM,VKLAD,700.0,700.0,,,
1163520,3983,1993-02-04,PRIJEM,VKLAD,900.0,900.0,,,
2797771,9265,1993-02-04,PRIJEM,VKLAD,300.0,300.0,,,
192366,652,1993-02-04,PRIJEM,VKLAD,2900.0,17496.0,,,
695272,2378,1993-02-05,PRIJEM,VKLAD,30192.0,89645.7,,,
783292,2670,1993-02-05,PRIJEM,VKLAD,24381.0,25481.0,,,
122242,411,1993-02-05,PRIJEM,VKLAD,400.0,400.0,,,
637743,2177,1993-02-05,PRIJEM,PREVOD Z UCTU,5123.0,11067.5,DUCHOD,YZ,62457513.0
330661,1127,1993-02-05,PRIJEM,VKLAD,23330.0,23930.0,,,
259747,890,1993-02-05,PRIJEM,VKLAD,700.0,700.0,,,
566013,1926,1993-02-05,PRIJEM,VKLAD,8500.0,13721.0,,,
560900,1909,1993-02-05,PRIJEM,PREVOD Z UCTU,3191.0,3991.0,,AB,24230474.0
110536,374,1993-02-05,PRIJEM,PREVOD Z UCTU,23041.0,23441.0,,WX,4004806.0
498391,1699,1993-02-05,PRIJEM,PREVOD Z UCTU,5224.0,6024.0,DUCHOD,CD,94008880.0
529774,1806,1993-02-05,PRIJEM,PREVOD Z UCTU,5029.0,5429.0,DUCHOD,UV,39912659.0
224344,764,1993-02-05,PRIJEM,PREVOD Z UCTU,6238.0,7338.0,DUCHOD,UV,30560720.0
232962,793,1993-02-05,PRIJEM,PREVOD Z UCTU,3401.0,7617.2,,IJ,6149286.0
286072,982,1993-02-05,PRIJEM,VKLAD,900.0,900.0,,,
851327,2902,1993-02-05,PRIJEM,VKLAD,20213.0,20413.0,,,
3393740,11265,1993-02-05,PRIJEM,VKLAD,7618.0,8618.0,,,
101388,346,1993-02-05,PRIJEM,VKLAD,19935.0,20735.0,,,
184681,627,1993-02-05,PRIJEM,VKLAD,600.0,600.0,,,
336633,1144,1993-02-06,PRIJEM,PREVOD Z UCTU,3375.0,3575.0,,GH,1589578.0
119437,401,1993-02-06,PRIJEM,VKLAD,12817.0,13117.0,,,
1157039,3960,1993-02-06,PRIJEM,VKLAD,500.0,500.0,,,
1100775,3760,1993-02-06,PRIJEM,VKLAD,38645.0,50459.2,,,
1028004,3510,1993-02-06,VYDAJ,VYBER,1600.0,22271.0,,,
375032,1276,1993-02-06,PRIJEM,VKLAD,10600.0,17797.1,,,
57435,192,1993-02-06,PRIJEM,PREVOD Z UCTU,5859.0,6159.0,DUCHOD,GH,15384018.0
699588,2393,1993-02-06,PRIJEM,VKLAD,5500.0,17165.2,,,
660834,2256,1993-02-06,PRIJEM,VKLAD,700.0,700.0,,,
275308,943,1993-02-06,PRIJEM,PREVOD Z UCTU,3217.0,4017.0,,OP,70103525.0
1163522,3983,1993-02-06,PRIJEM,VKLAD,14626.0,15526.0,,,
286074,982,1993-02-06,PRIJEM,VKLAD,4550.0,5450.0,,,
1132664,3871,1993-02-06,PRIJEM,PREVOD Z UCTU,4356.0,4656.0,DUCHOD,GH,31564527.0
506452,1730,1993-02-06,PRIJEM,PREVOD Z UCTU,6689.0,7589.0,DUCHOD,ST,43294817.0
710066,2429,1993-02-06,PRIJEM,VKLAD,600.0,600.0,,,
695340,2378,1993-02-07,VYDAJ,PREVOD NA UCET,9612.0,80033.7,SIPO,EF,1222903.0
1176387,4034,1993-02-07,PRIJEM,VKLAD,5080.0,5280.0,,,
129504,435,1993-02-07,PRIJEM,PREVOD Z UCTU,5039.0,5439.0,DUCHOD,MN,22131634.0
138714,465,1993-02-07,PRIJEM,PREVOD Z UCTU,12785.0,13485.0,,UV,71654224.0
347545,1179,1993-02-07,PRIJEM,PREVOD Z UCTU,4212.0,4912.0,DUCHOD,WX,72322171.0
541683,1843,1993-02-07,PRIJEM,PREVOD Z UCTU,17632.0,18632.0,,QR,76294219.0
542217,1844,1993-02-07,PRIJEM,PREVOD Z UCTU,3242.0,6996.6,,ST,42988401.0
682548,2330,1993-02-07,PRIJEM,PREVOD Z UCTU,3395.0,3595.0,,ST,18759459.0
2442343,8051,1993-02-07,PRIJEM,VKLAD,200.0,200.0,,,
1028982,3514,1993-02-07,PRIJEM,PREVOD Z UCTU,3399.0,3999.0,,GH,67514222.0
579375,1972,1993-02-07,PRIJEM,PREVOD Z UCTU,5298.0,11015.1,DUCHOD,UV,14132887.0
3122926,10364,1993-02-07,PRIJEM,VKLAD,14493.0,15593.0,,,
615550,2099,1993-02-07,PRIJEM,VKLAD,28157.0,81962.4,,,
612713,2087,1993-02-07,PRIJEM,VKLAD,1800.0,19390.1,,,
292055,1000,1993-02-07,PRIJEM,PREVOD Z UCTU,31348.0,31548.0,,ST,87163465.0
737260,2519,1993-02-07,PRIJEM,PREVOD Z UCTU,5544.0,6044.0,DUCHOD,GH,5454445.0
622121,2122,1993-02-07,VYDAJ,VYBER,14100.0,32859.1,,,
1486060,5065,1993-02-07,PRIJEM,VKLAD,33045.0,33345.0,,,
1021463,3487,1993-02-07,PRIJEM,VKLAD,1800.0,18556.7,,,
655272,2241,1993-02-08,PRIJEM,VKLAD,200.0,200.0,,,
2349697,7753,1993-02-08,PRIJEM,VKLAD,600.0,600.0,,,
242366,830,1993-02-08,PRIJEM,VKLAD,200.0,200.0,,,
144559,485,1993-02-08,PRIJEM,VKLAD,20066.0,66243.9,,,
775968,2647,1993-02-08,PRIJEM,VKLAD,400.0,400.0,,,
537875,1830,1993-02-08,PRIJEM,VKLAD,1000.0,1000.0,,,
1238919,4240,1993-02-08,PRIJEM,PREVOD Z UCTU,27666.0,27666.0,,EF,17497700.0
1238917,4240,1993-02-08,PRIJEM,VKLAD,500.0,28166.0,,,
576752,1965,1993-02-08,PRIJEM,VKLAD,600.0,600.0,,,
1657153,5622,1993-02-08,PRIJEM,VKLAD,700.0,700.0,,,
434652,1477,1993-02-08,PRIJEM,VKLAD,700.0,3851.0,,,
434654,1477,1993-02-08,PRIJEM,PREVOD Z UCTU,3151.0,3151.0,,KL,92373114.0
294480,1006,1993-02-08,PRIJEM,VKLAD,1000.0,1000.0,,,
374591,1276,1993-02-08,PRIJEM,VKLAD,6774.0,24571.1,,,
73509,244,1993-02-08,PRIJEM,VKLAD,800.0,800.0,,,
110785,374,1993-02-08,VYDAJ,VYBER,1500.0,21941.0,,,
882363,3007,1993-02-08,PRIJEM,VKLAD,22452.0,23252.0,,,
2775579,9188,1993-02-08,PRIJEM,VKLAD,800.0,800.0,,,
846793,2884,1993-02-08,PRIJEM,VKLAD,1100.0,1100.0,,,
251235,862,1993-02-08,PRIJEM,PREVOD Z UCTU,44333.0,44533.0,,YZ,2834439.0
3402666,11295,1993-02-08,PRIJEM,VKLAD,18347.0,19447.0,,,
696164,2379,1993-02-09,PRIJEM,VKLAD,13900.0,14700.0,,,
298980,1019,1993-02-09,PRIJEM,VKLAD,19746.0,20846.0,,,
333296,1134,1993-02-09,PRIJEM,VKLAD,400.0,400.0,,,
332446,1132,1993-02-09,PRIJEM,PREVOD Z UCTU,48098.0,49098.0,,ST,32223415.0
259749,890,1993-02-09,PRIJEM,VKLAD,7041.0,7741.0,,,
858265,2925,1993-02-09,PRIJEM,VKLAD,9100.0,16566.0,,,
858386,2926,1993-02-09,PRIJEM,VKLAD,10584.0,11184.0,,,
63714,212,1993-02-09,PRIJEM,PREVOD Z UCTU,49590.0,49790.0,,IJ,58325630.0
581701,1979,1993-02-09,PRIJEM,PREVOD Z UCTU,3021.0,3921.0,,UV,38265723.0
469891,1601,1993-02-09,PRIJEM,VKLAD,500.0,500.0,,,
771037,2632,1993-02-09,PRIJEM,VKLAD,14264.0,34775.5,,,
1084398,3704,1993-02-09,PRIJEM,PREVOD Z UCTU,6242.0,6742.0,DUCHOD,AB,11927444.0
253162,866,1993-02-09,PRIJEM,VKLAD,5400.0,18581.1,,,
192098,652,1993-02-09,PRIJEM,VKLAD,13851.0,31347.0,,,
1117249,3818,1993-02-09,PRIJEM,VKLAD,17366.0,37387.8,,,
695722,2379,1993-02-10,PRIJEM,VKLAD,5072.0,19772.0,,,
649665,2220,1993-02-10,PRIJEM,VKLAD,1100.0,1100.0,,,
237649,813,1993-02-10,PRIJEM,VKLAD,1100.0,1100.0,,,
135816,456,1993-02-10,PRIJEM,PREVOD Z UCTU,47831.0,48531.0,,AB,95670407.0
775970,2647,1993-02-10,PRIJEM,VKLAD,12015.0,12415.0,,,
393999,1338,1993-02-10,VYDAJ,VYBER,5200.0,33215.5,,,
708083,2425,1993-02-10,PRIJEM,VKLAD,8905.0,9805.0,,,
594016,2023,1993-02-10,PRIJEM,VKLAD,23524.0,23724.0,,,
1049883,3592,1993-02-10,PRIJEM,PREVOD Z UCTU,6007.0,12633.5,DUCHOD,MN,73166322.0
757953,2585,1993-02-10,PRIJEM,VKLAD,1000.0,1000.0,,,
840171,2861,1993-02-10,PRIJEM,VKLAD,300.0,300.0,,,
101684,346,1993-02-10,PRIJEM,VKLAD,1200.0,21935.0,,,
695270,2378,1993-02-11,PRIJEM,VKLAD,31038.0,111071.7,,,
695561,2378,1993-02-11,VYDAJ,VYBER,25200.0,85871.7,,,
452734,1539,1993-02-11,PRIJEM,VKLAD,43737.0,56237.0,,,
237651,813,1993-02-11,PRIJEM,PREVOD Z UCTU,12154.0,13254.0,,QR,19537103.0
1190754,4078,1993-02-11,PRIJEM,VKLAD,23736.0,24036.0,,,
511266,1750,1993-02-11,PRIJEM,VKLAD,24863.0,25963.0,,,
685663,2342,1993-02-11,PRIJEM,VKLAD,400.0,400.0,,,
810831,2763,1993-02-11,PRIJEM,VKLAD,200.0,200.0,,,
171814,576,1993-02-11,PRIJEM,PREVOD Z UCTU,6207.0,13334.1,DUCHOD,YZ,30300313.0
615783,2099,1993-02-11,VYDAJ,VYBER,29700.0,52262.4,,,
612412,2087,1993-02-11,PRIJEM,VKLAD,14622.0,34012.1,,,
506838,1731,1993-02-11,PRIJEM,PREVOD Z UCTU,4758.0,4958.0,DUCHOD,GH,89825009.0
846795,2884,1993-02-11,PRIJEM,VKLAD,5810.0,6910.0,,,
252646,866,1993-02-11,PRIJEM,VKLAD,12644.0,31225.1,,,
184683,627,1993-02-11,PRIJEM,VKLAD,22349.0,22949.0,,,
2349709,7753,1993-02-12,PRIJEM,VKLAD,19588.0,20188.0,,,
2349705,7753,1993-02-12,PRIJEM,VKLAD,27078.0,47266.0,,,
1736609,5891,1993-02-12,PRIJEM,PREVOD Z UCTU,32594.0,33494.0,,CD,51054984.0
451892,1536,1993-02-12,PRIJEM,PREVOD Z UCTU,25609.0,25909.0,,QR,51120805.0
1183178,4055,1993-02-12,PRIJEM,VKLAD,20281.0,20481.0,,,
571256,1944,1993-02-12,PRIJEM,VKLAD,700.0,700.0,,,
577274,1966,1993-02-12,PRIJEM,VKLAD,900.0,900.0,,,
359513,1222,1993-02-12,PRIJEM,PREVOD Z UCTU,6310.0,7010.0,DUCHOD,KL,77489798.0
754234,2574,1993-02-12,PRIJEM,VKLAD,14319.0,15419.0,,,
1101121,3760,1993-02-12,VYDAJ,VYBER,14400.0,36059.2,,,
689829,2357,1993-02-12,PRIJEM,PREVOD Z UCTU,6434.0,13687.4,DUCHOD,OP,34144538.0
725753,2484,1993-02-12,PRIJEM,VKLAD,14779.0,36200.7,,,
565656,1926,1993-02-12,PRIJEM,VKLAD,4507.0,18228.0,,,
857975,2925,1993-02-12,PRIJEM,VKLAD,6446.0,23012.0,,,
207266,704,1993-02-12,PRIJEM,VKLAD,17477.0,38904.1,,,
477640,1628,1993-02-12,PRIJEM,PREVOD Z UCTU,4276.0,9265.4,DUCHOD,UV,15916598.0
1549098,5270,1993-02-12,VYDAJ,VYBER,9600.0,36059.2,,,
1121965,3834,1993-02-12,PRIJEM,VKLAD,13875.0,14575.0,,,
83660,280,1993-02-12,PRIJEM,VKLAD,12043.0,12343.0,,,
711850,2434,1993-02-12,PRIJEM,VKLAD,4391.0,4991.0,,,
490779,1675,1993-02-12,PRIJEM,PREVOD Z UCTU,4327.0,5427.0,DUCHOD,AB,50350195.0
48642,163,1993-02-13,PRIJEM,PREVOD Z UCTU,6698.0,7598.0,DUCHOD,YZ,76209622.0
142152,477,1993-02-13,PRIJEM,VKLAD,16392.0,17392.0,,,
671437,2293,1993-02-13,PRIJEM,VKLAD,700.0,700.0,,,
785192,2676,1993-02-13,PRIJEM,VKLAD,15263.0,15463.0,,,
745022,2543,1993-02-13,PRIJEM,VKLAD,1100.0,1100.0,,,
1256506,4296,1993-02-13,PRIJEM,VKLAD,18729.0,18929.0,,,
439037,1493,1993-02-13,PRIJEM,PREVOD Z UCTU,5009.0,10231.3,DUCHOD,AB,54522466.0
435764,1481,1993-02-13,PRIJEM,PREVOD Z UCTU,3098.0,4098.0,,AB,21098941.0
858901,2926,1993-02-13,PRIJEM,VKLAD,9000.0,20184.0,,,
660836,2256,1993-02-13,PRIJEM,PREVOD Z UCTU,4729.0,5429.0,DUCHOD,AB,59773492.0
480216,1637,1993-02-13,PRIJEM,PREVOD Z UCTU,5718.0,11951.9,DUCHOD,UV,45134812.0
527445,1801,1993-02-13,PRIJEM,VKLAD,700.0,700.0,,,
1143204,3909,1993-02-13,VYDAJ,VYBER,500.0,24600.0,,,
1142760,3909,1993-02-13,PRIJEM,VKLAD,24400.0,25100.0,,,
871633,2970,1993-02-13,PRIJEM,VKLAD,9658.0,10058.0,,,
757955,2585,1993-02-13,PRIJEM,VKLAD,14963.0,15963.0,,,
505242,1726,1993-02-13,PRIJEM,VKLAD,13967.0,34972.2,,,
846008,2881,1993-02-13,PRIJEM,VKLAD,6959.0,21637.5,,,
1021122,3487,1993-02-13,PRIJEM,VKLAD,15914.0,34470.7,,,
3394148,11265,1993-02-13,PRIJEM,VKLAD,9800.0,18418.0,,,
131924,443,1993-02-14,PRIJEM,PREVOD Z UCTU,3058.0,3558.0,,ST,29172384.0
3314624,11013,1993-02-14,PRIJEM,VKLAD,600.0,600.0,,,
122244,411,1993-02-14,PRIJEM,VKLAD,18497.0,18897.0,,,
577276,1966,1993-02-14,PRIJEM,VKLAD,20567.0,21467.0,,,
745024,2543,1993-02-14,PRIJEM,PREVOD Z UCTU,6148.0,7248.0,DUCHOD,CD,4203528.0
2908690,9635,1993-02-14,PRIJEM,PREVOD Z UCTU,4470.0,9362.9,DUCHOD,CD,37906074.0
707245,2423,1993-02-14,PRIJEM,VKLAD,400.0,400.0,,,
699222,2393,1993-02-14,PRIJEM,VKLAD,10737.0,27902.2,,,
1081329,3693,1993-02-14,PRIJEM,VKLAD,15447.0,16447.0,,,
226656,772,1993-02-14,PRIJEM,VKLAD,24009.0,24509.0,,,
1548751,5270,1993-02-14,PRIJEM,PREVOD Z UCTU,44749.0,80808.2,,IJ,80269753.0
608137,2070,1993-02-14,PRIJEM,VKLAD,12138.0,12438.0,,,
42520,142,1993-02-15,PRIJEM,VKLAD,900.0,900.0,,,
2190,9,1993-02-15,PRIJEM,VKLAD,800.0,1200.0,,,
1002957,3424,1993-02-16,PRIJEM,VKLAD,900.0,900.0,,,
3123297,10364,1993-02-16,PRIJEM,VKLAD,4200.0,19793.0,,,
160593,539,1993-02-16,PRIJEM,VKLAD,700.0,700.0,,,
1039105,3554,1993-02-16,PRIJEM,VKLAD,1100.0,1100.0,,,
285072,979,1993-02-16,PRIJEM,VKLAD,1000.0,1000.0,,,
796787,2714,1993-02-16,PRIJEM,VKLAD,1300.0,2100.0,,,
1176616,4034,1993-02-17,PRIJEM,VKLAD,8000.0,13280.0,,,
119791,401,1993-02-17,PRIJEM,VKLAD,6000.0,19117.0,,,
1313154,4484,1993-02-17,PRIJEM,VKLAD,29511.0,30211.0,,,
989731,3374,1993-02-17,PRIJEM,VKLAD,200.0,200.0,,,
1036263,3545,1993-02-17,PRIJEM,VKLAD,900.0,900.0,,,
893645,3047,1993-02-17,PRIJEM,VKLAD,600.0,600.0,,,
29107,96,1993-02-18,PRIJEM,VKLAD,1100.0,1100.0,,,
1002960,3424,1993-02-18,PRIJEM,VKLAD,44162.0,45062.0,,,
137463,461,1993-02-18,PRIJEM,VKLAD,600.0,600.0,,,
1657169,5622,1993-02-18,PRIJEM,VKLAD,24023.0,24723.0,,,
1039191,3554,1993-02-18,PRIJEM,VKLAD,900.0,2000.0,,,
887174,3026,1993-02-18,PRIJEM,VKLAD,400.0,400.0,,,
1050254,3593,1993-02-18,PRIJEM,VKLAD,200.0,200.0,,,
1122555,3834,1993-02-18,PRIJEM,VKLAD,6600.0,21175.0,,,
39477,128,1993-02-19,PRIJEM,VKLAD,300.0,300.0,,,
1108941,3787,1993-02-19,PRIJEM,VKLAD,800.0,800.0,,,
1657174,5622,1993-02-19,PRIJEM,VKLAD,33410.0,58133.0,,,
64021,212,1993-02-19,VYDAJ,VYBER,14800.0,34990.0,,,
1080837,3691,1993-02-19,PRIJEM,VKLAD,400.0,400.0,,,
309324,1054,1993-02-19,PRIJEM,VKLAD,800.0,800.0,,,
711470,2433,1993-02-19,PRIJEM,VKLAD,500.0,500.0,,,
695251,2378,1993-02-20,PRIJEM,VKLAD,19136.0,105007.7,,,
695562,2378,1993-02-20,VYDAJ,VYBER,33900.0,71107.7,,,
299430,1019,1993-02-20,PRIJEM,VKLAD,4100.0,24946.0,,,
136148,456,1993-02-20,VYDAJ,VYBER,10500.0,38031.0,,,
137124,459,1993-02-20,PRIJEM,VKLAD,13400.0,14400.0,,,
227105,772,1993-02-20,VYDAJ,VYBER,600.0,23909.0,,,
1450014,4937,1993-02-20,PRIJEM,VKLAD,700.0,700.0,,,
622627,2124,1993-02-20,PRIJEM,VKLAD,500.0,500.0,,,
3403038,11295,1993-02-20,PRIJEM,VKLAD,3700.0,23147.0,,,
94644,322,1993-02-20,PRIJEM,VKLAD,1000.0,1000.0,,,
929608,3168,1993-02-20,PRIJEM,VKLAD,1000.0,1000.0,,,
452238,1536,1993-02-21,PRIJEM,VKLAD,100.0,26009.0,,,
785632,2676,1993-02-21,PRIJEM,VKLAD,3300.0,18763.0,,,
1273262,4355,1993-02-21,PRIJEM,VKLAD,800.0,800.0,,,
871809,2970,1993-02-21,PRIJEM,VKLAD,9400.0,19458.0,,,
1039106,3554,1993-02-21,PRIJEM,VKLAD,45925.0,47925.0,,,
1313153,4484,1993-02-22,PRIJEM,VKLAD,41740.0,71951.0,,,
700133,2396,1993-02-22,PRIJEM,VKLAD,500.0,500.0,,,
84101,280,1993-02-22,PRIJEM,VKLAD,6200.0,18543.0,,,
708372,2425,1993-02-22,PRIJEM,VKLAD,8000.0,17805.0,,,
491813,1678,1993-02-22,PRIJEM,VKLAD,200.0,200.0,,,
269812,925,1993-02-23,PRIJEM,VKLAD,500.0,500.0,,,
1183399,4055,1993-02-23,PRIJEM,VKLAD,3100.0,23581.0,,,
293959,1005,1993-02-23,PRIJEM,VKLAD,300.0,300.0,,,
1313160,4484,1993-02-23,PRIJEM,VKLAD,31332.0,103283.0,,,
1313408,4484,1993-02-23,VYDAJ,VYBER,62100.0,41183.0,,,
618167,2110,1993-02-23,PRIJEM,VKLAD,600.0,600.0,,,
2810462,9307,1993-02-23,PRIJEM,VKLAD,7100.0,13282.8,,,
2797779,9265,1993-02-23,PRIJEM,VKLAD,28361.0,28661.0,,,
1486385,5065,1993-02-23,VYDAJ,VYBER,4000.0,29345.0,,,
204963,697,1993-02-23,PRIJEM,VKLAD,200.0,200.0,,,
1736950,5891,1993-02-24,VYDAJ,VYBER,4500.0,28994.0,,,
142592,477,1993-02-24,PRIJEM,VKLAD,900.0,18292.0,,,
400895,1366,1993-02-24,PRIJEM,VKLAD,900.0,900.0,,,
914518,3117,1993-02-24,PRIJEM,VKLAD,900.0,900.0,,,
307761,1050,1993-02-24,PRIJEM,VKLAD,1000.0,1000.0,,,
292547,1000,1993-02-24,VYDAJ,VYBER,1500.0,30048.0,,,
655852,2242,1993-02-25,PRIJEM,VKLAD,300.0,300.0,,,
511638,1750,1993-02-25,VYDAJ,VYBER,2500.0,23463.0,,,
594521,2023,1993-02-25,PRIJEM,VKLAD,2700.0,26424.0,,,
484359,1649,1993-02-25,PRIJEM,VKLAD,11000.0,11700.0,,,
167889,562,1993-02-25,PRIJEM,VKLAD,300.0,300.0,,,
58944,197,1993-02-25,PRIJEM,VKLAD,800.0,800.0,,,
1578988,5369,1993-02-25,PRIJEM,VKLAD,900.0,900.0,,,
1911147,6473,1993-02-25,VYDAJ,VYBER,8900.0,36168.0,,,
1910783,6473,1993-02-25,PRIJEM,VKLAD,23990.0,45068.0,,,
783618,2670,1993-02-26,VYDAJ,VYBER,1400.0,24081.0,,,
148417,496,1993-02-26,PRIJEM,VKLAD,800.0,800.0,,,
752168,2566,1993-02-26,PRIJEM,VKLAD,10700.0,11500.0,,,
330947,1127,1993-02-26,PRIJEM,VKLAD,1800.0,25730.0,,,
2242710,7401,1993-02-26,PRIJEM,VKLAD,1100.0,1100.0,,,
2432,9,1993-02-26,PRIJEM,VKLAD,10900.0,12100.0,,,
276,2,1993-02-26,PRIJEM,VKLAD,1100.0,1100.0,,,
537461,1829,1993-02-27,PRIJEM,VKLAD,900.0,900.0,,,
127567,428,1993-02-27,PRIJEM,VKLAD,200.0,200.0,,,
1256736,4296,1993-02-27,PRIJEM,VKLAD,5200.0,24129.0,,,
1068640,3651,1993-02-27,PRIJEM,VKLAD,800.0,800.0,,,
726514,2486,1993-02-27,PRIJEM,VKLAD,200.0,200.0,,,
494941,1688,1993-02-27,PRIJEM,VKLAD,800.0,800.0,,,
883003,3008,1993-02-27,PRIJEM,VKLAD,200.0,200.0,,,
2780386,9203,1993-02-27,PRIJEM,VKLAD,900.0,900.0,,,
851694,2902,1993-02-27,PRIJEM,VKLAD,3900.0,24313.0,,,
462811,1575,1993-02-27,PRIJEM,VKLAD,900.0,900.0,,,
105733,361,1993-02-27,PRIJEM,VKLAD,600.0,600.0,,,
519751,1775,1993-02-27,PRIJEM,VKLAD,900.0,900.0,,,
3564254,1019,1993-02-28,PRIJEM,,33.4,24979.4,UROK,,
3563618,1000,1993-02-28,PRIJEM,,22.4,30070.3,UROK,,
3562938,982,1993-02-28,PRIJEM,,18.7,5468.6,UROK,,
695490,2378,1993-02-28,VYDAJ,VYBER,14.6,71437.8,SLUZBY,,
3591422,1844,1993-02-28,PRIJEM,,15.6,7012.2,UROK,,
3617491,2632,1993-02-28,PRIJEM,,121.8,34897.3,UROK,,
3618041,2647,1993-02-28,PRIJEM,,35.1,12450.1,UROK,,
3618818,2670,1993-02-28,PRIJEM,,10.8,24091.8,UROK,,
3619030,2676,1993-02-28,PRIJEM,,22.3,18785.3,UROK,,
3673340,5891,1993-02-28,PRIJEM,,21.6,29015.6,UROK,,
3580975,1536,1993-02-28,PRIJEM,,31.0,26040.0,UROK,,
3578972,1477,1993-02-28,PRIJEM,,9.8,3860.8,UROK,,
3579544,1493,1993-02-28,PRIJEM,,21.7,10253.0,UROK,,
3559698,890,1993-02-28,PRIJEM,,23.0,7764.0,UROK,,
3558799,866,1993-02-28,PRIJEM,,103.2,31328.3,UROK,,
3561686,943,1993-02-28,PRIJEM,,13.7,4030.7,UROK,,
3558613,862,1993-02-28,PRIJEM,,139.2,44672.2,UROK,,
3453600,6473,1993-02-28,PRIJEM,,102.0,36270.0,UROK,,
3509732,9265,1993-02-28,PRIJEM,,21.3,28707.9,UROK,,
3520588,10364,1993-02-28,PRIJEM,,38.3,19831.3,UROK,,
3574568,1338,1993-02-28,PRIJEM,,160.0,33375.5,UROK,,
3654667,3760,1993-02-28,PRIJEM,,110.5,36169.7,UROK,,
3659415,3909,1993-02-28,PRIJEM,,58.6,24658.6,UROK,,
3656580,3818,1993-02-28,PRIJEM,,83.4,37471.2,UROK,,
3657066,3834,1993-02-28,PRIJEM,,34.7,21209.7,UROK,,
3460368,374,1993-02-28,PRIJEM,,68.6,22009.6,UROK,,
3458834,11295,1993-02-28,PRIJEM,,31.0,23205.5,UROK,,
3456845,9635,1993-02-28,PRIJEM,,20.3,9383.2,UROK,,
3459107,9,1993-02-28,PRIJEM,,5.4,12105.4,UROK,,
3553662,704,1993-02-28,PRIJEM,,89.3,38993.3,UROK,,
3552057,652,1993-02-28,PRIJEM,,110.6,31457.6,UROK,,
3551094,627,1993-02-28,PRIJEM,,61.5,23010.5,UROK,,
3652281,3693,1993-02-28,PRIJEM,,2.9,19649.9,UROK,,
3629868,3007,1993-02-28,PRIJEM,,72.7,23324.7,UROK,,
3585453,1675,1993-02-28,PRIJEM,,13.7,5440.7,UROK,,
3583849,1628,1993-02-28,PRIJEM,,20.7,9286.1,UROK,,
3584202,1637,1993-02-28,PRIJEM,,25.9,11977.8,UROK,,
3589600,1801,1993-02-28,PRIJEM,,2.9,702.9,UROK,,
3586192,1695,1993-02-28,PRIJEM,,50.1,19620.9,UROK,,
3587929,1750,1993-02-28,PRIJEM,,14.0,23477.0,UROK,,
3587146,1726,1993-02-28,PRIJEM,,110.0,35082.2,UROK,,
3614522,2543,1993-02-28,PRIJEM,,16.2,7264.2,UROK,,
3615569,2574,1993-02-28,PRIJEM,,39.0,15458.0,UROK,,
3643350,3424,1993-02-28,PRIJEM,,73.8,45135.8,UROK,,
3449863,4034,1993-02-28,PRIJEM,,23.7,13303.7,UROK,,
3546684,485,1993-02-28,PRIJEM,,249.0,66492.9,UROK,,
3549614,576,1993-02-28,PRIJEM,,29.6,13363.7,UROK,,
3598961,2070,1993-02-28,PRIJEM,,3.0,20141.0,UROK,,
3599468,2087,1993-02-28,PRIJEM,,117.3,34129.3,UROK,,
3600404,2122,1993-02-28,PRIJEM,,199.0,72343.0,UROK,,
3468211,4055,1993-02-28,PRIJEM,,21.1,23602.0,UROK,,
3466390,3554,1993-02-28,PRIJEM,,57.9,47982.9,UROK,,
3467902,3983,1993-02-28,PRIJEM,,53.1,15579.1,UROK,,
3466050,3510,1993-02-28,PRIJEM,,99.3,22370.3,UROK,,
3447022,1539,1993-02-28,PRIJEM,,150.6,56387.6,UROK,,
3444293,2099,1993-02-28,PRIJEM,,220.0,52482.4,UROK,,
3448084,2585,1993-02-28,PRIJEM,,38.0,16001.0,UROK,,
3444481,5065,1993-02-28,PRIJEM,,26.2,29371.2,UROK,,
3602139,2177,1993-02-28,PRIJEM,,24.7,11092.2,UROK,,
3604749,2256,1993-02-28,PRIJEM,,12.9,5441.9,UROK,,
3539843,280,1993-02-28,PRIJEM,,19.3,18562.3,UROK,,
3542018,346,1993-02-28,PRIJEM,,62.0,21997.0,UROK,,
621768,2122,1993-02-28,PRIJEM,VKLAD,39285.0,72144.1,,,
3567644,1127,1993-02-28,PRIJEM,,11.5,25741.5,UROK,,
3567897,1132,1993-02-28,PRIJEM,,146.1,49244.1,UROK,,
3595507,1966,1993-02-28,PRIJEM,,47.9,21514.9,UROK,,
3594125,1926,1993-02-28,PRIJEM,,54.6,18282.6,UROK,,
3597518,2023,1993-02-28,PRIJEM,,15.7,26439.7,UROK,,
3595784,1972,1993-02-28,PRIJEM,,23.7,11038.9,UROK,,
3648652,3592,1993-02-28,PRIJEM,,27.5,12661.0,UROK,,
3646189,3514,1993-02-28,PRIJEM,,13.1,4012.1,UROK,,
3645342,3487,1993-02-28,PRIJEM,,111.9,34582.6,UROK,,
3556398,793,1993-02-28,PRIJEM,,17.5,7634.7,UROK,,
3556862,813,1993-02-28,PRIJEM,,35.5,13289.5,UROK,,
3555839,772,1993-02-28,PRIJEM,,32.0,23941.0,UROK,,
527456,1801,1993-02-28,PRIJEM,VKLAD,18972.0,19674.9,,,
1081627,3693,1993-02-28,PRIJEM,VKLAD,3200.0,19647.0,,,
3537488,212,1993-02-28,PRIJEM,,52.1,35042.1,UROK,,
1450025,4937,1993-02-28,PRIJEM,VKLAD,44455.0,45161.7,,,
3607856,2357,1993-02-28,PRIJEM,,30.1,13717.6,UROK,,
3608593,2378,1993-02-28,PRIJEM,,344.8,71452.4,UROK,,
3609128,2393,1993-02-28,PRIJEM,,84.8,27986.9,UROK,,
3608664,2379,1993-02-28,PRIJEM,,55.9,19827.9,UROK,,
3610110,2425,1993-02-28,PRIJEM,,18.5,17823.5,UROK,,
3610581,2434,1993-02-28,PRIJEM,,12.6,5003.6,UROK,,
3612140,2484,1993-02-28,PRIJEM,,117.6,36318.3,UROK,,
3669815,5270,1993-02-28,PRIJEM,,268.5,81076.7,UROK,,
3671894,5622,1993-02-28,PRIJEM,,90.2,58223.2,UROK,,
3667903,4937,1993-02-28,PRIJEM,,6.7,706.7,UROK,,
3492040,7753,1993-02-28,PRIJEM,,119.6,47385.6,UROK,,
3479817,9307,1993-02-28,PRIJEM,,25.8,13308.6,UROK,,
3479717,9265,1993-02-28,PRIJEM,,25.6,28686.6,UROK,,
3543739,401,1993-02-28,PRIJEM,,34.1,19151.1,UROK,,
3546414,477,1993-02-28,PRIJEM,,13.6,18305.6,UROK,,
3544121,411,1993-02-28,PRIJEM,,42.2,18939.2,UROK,,
3546052,465,1993-02-28,PRIJEM,,44.1,13529.1,UROK,,
3545699,456,1993-02-28,PRIJEM,,50.9,38081.9,UROK,,
3572389,1276,1993-02-28,PRIJEM,,84.3,24655.4,UROK,,
3469665,4296,1993-02-28,PRIJEM,,7.2,24136.2,UROK,,
3470805,4484,1993-02-28,PRIJEM,,70.0,41252.9,UROK,,
3469151,4240,1993-02-28,PRIJEM,,88.0,28254.0,UROK,,
3528743,11265,1993-02-28,PRIJEM,,43.9,18461.8,UROK,,
3529064,11295,1993-02-28,PRIJEM,,27.6,23174.5,UROK,,
3626470,2902,1993-02-28,PRIJEM,,7.2,24320.2,UROK,,
3627126,2925,1993-02-28,PRIJEM,,70.4,23082.4,UROK,,
3628744,2970,1993-02-28,PRIJEM,,23.2,19481.2,UROK,,
3625748,2881,1993-02-28,PRIJEM,,65.2,21702.7,UROK,,
3625863,2884,1993-02-28,PRIJEM,,18.5,6928.5,UROK,,
3627197,2926,1993-02-28,PRIJEM,,48.1,20232.0,UROK,,
608427,2070,1993-02-28,PRIJEM,VKLAD,7700.0,20138.0,,,
1190945,4078,1993-03-01,PRIJEM,VKLAD,2500.0,26536.0,,,
542076,1843,1993-03-01,PRIJEM,VKLAD,3900.0,22532.0,,,
71666,239,1993-03-01,PRIJEM,VKLAD,300.0,300.0,,,
797025,2714,1993-03-01,PRIJEM,VKLAD,10800.0,12900.0,,,
695563,2378,1993-03-02,VYDAJ,VYBER,21400.0,50037.8,,,
968613,3302,1993-03-02,PRIJEM,VKLAD,700.0,700.0,,,
810834,2763,1993-03-02,PRIJEM,VKLAD,33035.0,33235.0,,,
207643,704,1993-03-02,VYDAJ,VYBER,8900.0,30093.3,,,
1117692,3818,1993-03-02,VYDAJ,VYBER,4200.0,33271.2,,,
695254,2378,1993-03-03,PRIJEM,VKLAD,7077.0,57114.8,,,
502369,1713,1993-03-03,PRIJEM,VKLAD,700.0,700.0,,,
123329,415,1993-03-03,PRIJEM,VKLAD,400.0,400.0,,,
315547,1077,1993-03-03,PRIJEM,VKLAD,1000.0,1000.0,,,
1208386,4134,1993-03-03,PRIJEM,VKLAD,500.0,500.0,,,
1028504,3513,1993-03-03,PRIJEM,VKLAD,500.0,500.0,,,
771485,2632,1993-03-03,VYDAJ,VYBER,6900.0,27997.3,,,
615551,2099,1993-03-03,PRIJEM,VKLAD,30557.0,83039.4,,,
1730741,5868,1993-03-04,PRIJEM,VKLAD,10200.0,10400.0,,,
453139,1539,1993-03-04,VYDAJ,VYBER,13400.0,42987.6,,,
145022,485,1993-03-04,VYDAJ,VYBER,8100.0,76843.9,,,
144543,485,1993-03-04,PRIJEM,VKLAD,18451.0,84943.9,,,
754530,2574,1993-03-04,PRIJEM,VKLAD,2900.0,18358.0,,,
726267,2484,1993-03-04,VYDAJ,VYBER,8100.0,28218.3,,,
497554,1695,1993-03-04,PRIJEM,VKLAD,5200.0,24820.9,,,
529625,1805,1993-03-04,PRIJEM,VKLAD,9500.0,10600.0,,,
882873,3007,1993-03-04,PRIJEM,VKLAD,900.0,24224.7,,,
1450026,4937,1993-03-04,PRIJEM,VKLAD,8813.0,53974.7,,,
2797781,9265,1993-03-04,PRIJEM,VKLAD,37305.0,66012.9,,,
404590,1378,1993-03-04,PRIJEM,VKLAD,1100.0,1100.0,,,
505751,1726,1993-03-04,VYDAJ,VYBER,3200.0,31882.2,,,
251559,862,1993-03-04,VYDAJ,VYBER,10700.0,33972.2,,,
712153,2434,1993-03-04,PRIJEM,VKLAD,10600.0,15603.6,,,
732241,2503,1993-03-05,PRIJEM,VKLAD,600.0,600.0,,,
332727,1132,1993-03-05,VYDAJ,VYBER,11800.0,37444.1,,,
145128,485,1993-03-05,VYDAJ,VYBER,25300.0,51543.9,,,
537878,1830,1993-03-05,PRIJEM,VKLAD,11538.0,12538.0,,,
783293,2670,1993-03-05,PRIJEM,VKLAD,24381.0,48472.8,,,
637744,2177,1993-03-05,PRIJEM,PREVOD Z UCTU,5123.0,16215.2,DUCHOD,YZ,62457513.0
400898,1366,1993-03-05,PRIJEM,VKLAD,7626.0,8526.0,,,
1157042,3960,1993-03-05,PRIJEM,PREVOD Z UCTU,4807.0,5307.0,DUCHOD,OP,33740347.0
330662,1127,1993-03-05,PRIJEM,VKLAD,23330.0,49071.5,,,
685666,2342,1993-03-05,PRIJEM,PREVOD Z UCTU,3247.0,3647.0,,EF,42284852.0
1313409,4484,1993-03-05,VYDAJ,VYBER,8900.0,32352.9,,,
2442346,8051,1993-03-05,PRIJEM,PREVOD Z UCTU,26040.0,26240.0,,KL,35675579.0
560901,1909,1993-03-05,PRIJEM,PREVOD Z UCTU,3191.0,7182.0,,AB,24230474.0
166981,559,1993-03-05,PRIJEM,VKLAD,300.0,300.0,,,
73512,244,1993-03-05,PRIJEM,PREVOD Z UCTU,3972.0,4772.0,,IJ,12078875.0
110537,374,1993-03-05,PRIJEM,PREVOD Z UCTU,23041.0,45050.6,,WX,4004806.0
498392,1699,1993-03-05,PRIJEM,PREVOD Z UCTU,5224.0,11248.0,DUCHOD,CD,94008880.0
700136,2396,1993-03-05,PRIJEM,PREVOD Z UCTU,4203.0,4703.0,DUCHOD,OP,27204734.0
529775,1806,1993-03-05,PRIJEM,PREVOD Z UCTU,5029.0,10458.0,DUCHOD,UV,39912659.0
224345,764,1993-03-05,PRIJEM,PREVOD Z UCTU,6238.0,13576.0,DUCHOD,UV,30560720.0
232963,793,1993-03-05,PRIJEM,PREVOD Z UCTU,3401.0,11035.7,,IJ,6149286.0
1910797,6473,1993-03-05,PRIJEM,VKLAD,42227.0,78497.0,,,
1935476,6555,1993-03-05,PRIJEM,VKLAD,300.0,300.0,,,
851328,2902,1993-03-05,PRIJEM,VKLAD,20213.0,44533.2,,,
846310,2881,1993-03-05,PRIJEM,VKLAD,2700.0,24402.7,,,
3393741,11265,1993-03-05,PRIJEM,VKLAD,7618.0,26079.8,,,
101389,346,1993-03-05,PRIJEM,VKLAD,19935.0,41932.0,,,
710069,2429,1993-03-05,PRIJEM,VKLAD,14609.0,15209.0,,,
711473,2433,1993-03-05,PRIJEM,PREVOD Z UCTU,4718.0,5218.0,DUCHOD,OP,98568486.0
655855,2242,1993-03-06,PRIJEM,PREVOD Z UCTU,43493.0,43793.0,,CD,7862908.0
336634,1144,1993-03-06,PRIJEM,PREVOD Z UCTU,3375.0,6950.0,,GH,1589578.0
333299,1134,1993-03-06,PRIJEM,VKLAD,11970.0,12370.0,,,
144776,485,1993-03-06,VYDAJ,PREVOD NA UCET,1591.0,49952.9, ,WX,56978738.0
139101,465,1993-03-06,PRIJEM,VKLAD,6800.0,20329.1,,,
137466,461,1993-03-06,PRIJEM,PREVOD Z UCTU,6388.0,6988.0,DUCHOD,YZ,91520028.0
119438,401,1993-03-06,PRIJEM,VKLAD,12817.0,31968.1,,,
256849,882,1993-03-06,PRIJEM,VKLAD,300.0,300.0,,,
218878,744,1993-03-06,PRIJEM,VKLAD,400.0,400.0,,,
58947,197,1993-03-06,PRIJEM,VKLAD,21718.0,22518.0,,,
57436,192,1993-03-06,PRIJEM,PREVOD Z UCTU,5859.0,12018.0,DUCHOD,GH,15384018.0
621772,2122,1993-03-06,PRIJEM,VKLAD,7597.0,79940.0,,,
883006,3008,1993-03-06,PRIJEM,PREVOD Z UCTU,6934.0,7134.0,DUCHOD,QR,33148783.0
275309,943,1993-03-06,PRIJEM,PREVOD Z UCTU,3217.0,7247.7,,OP,70103525.0
1163523,3983,1993-03-06,PRIJEM,VKLAD,14626.0,30205.1,,,
1163704,3983,1993-03-06,VYDAJ,VYBER,200.0,30005.1,,,
2798252,9265,1993-03-06,VYDAJ,VYBER,19000.0,47012.9,,,
285075,979,1993-03-06,PRIJEM,VKLAD,17914.0,18914.0,,,
286075,982,1993-03-06,PRIJEM,VKLAD,4550.0,10018.6,,,
1132665,3871,1993-03-06,PRIJEM,PREVOD Z UCTU,4356.0,9012.0,DUCHOD,GH,31564527.0
840174,2861,1993-03-06,PRIJEM,PREVOD Z UCTU,5915.0,6215.0,DUCHOD,ST,10531437.0
1578991,5369,1993-03-06,PRIJEM,VKLAD,5643.0,6543.0,,,
506453,1730,1993-03-06,PRIJEM,PREVOD Z UCTU,6689.0,14278.0,DUCHOD,ST,43294817.0
192367,652,1993-03-06,VYDAJ,VYBER,4800.0,26657.6,,,
105736,361,1993-03-06,PRIJEM,VKLAD,23638.0,24238.0,,,
655275,2241,1993-03-07,PRIJEM,VKLAD,11584.0,11784.0,,,
695341,2378,1993-03-07,VYDAJ,PREVOD NA UCET,9612.0,47502.8,SIPO,EF,1222903.0
26045,86,1993-03-07,PRIJEM,VKLAD,800.0,800.0,,,
42523,142,1993-03-07,PRIJEM,PREVOD Z UCTU,4555.0,5455.0,DUCHOD,QR,39513594.0
1108944,3787,1993-03-07,PRIJEM,VKLAD,20950.0,21750.0,,,
1176388,4034,1993-03-07,PRIJEM,VKLAD,5080.0,18383.7,,,
649668,2220,1993-03-07,PRIJEM,PREVOD Z UCTU,6153.0,7253.0,DUCHOD,MN,42469984.0
144848,485,1993-03-07,VYDAJ,PREVOD NA UCET,3572.0,46380.9,POJISTNE,AB,20747721.0
129505,435,1993-03-07,PRIJEM,PREVOD Z UCTU,5039.0,10478.0,DUCHOD,MN,22131634.0
138715,465,1993-03-07,PRIJEM,PREVOD Z UCTU,12785.0,33114.1,,UV,71654224.0
347546,1179,1993-03-07,PRIJEM,PREVOD Z UCTU,4212.0,9124.0,DUCHOD,WX,72322171.0
148420,496,1993-03-07,PRIJEM,VKLAD,5404.0,6204.0,,,
122540,411,1993-03-07,PRIJEM,VKLAD,2900.0,21839.2,,,
541684,1843,1993-03-07,PRIJEM,PREVOD Z UCTU,17632.0,40164.0,,QR,76294219.0
542218,1844,1993-03-07,PRIJEM,PREVOD Z UCTU,3242.0,10254.2,,ST,42988401.0
682549,2330,1993-03-07,PRIJEM,PREVOD Z UCTU,3395.0,6990.0,,ST,18759459.0
260044,890,1993-03-07,PRIJEM,VKLAD,10700.0,18464.0,,,
1068643,3651,1993-03-07,PRIJEM,PREVOD Z UCTU,5081.0,5881.0,DUCHOD,WX,38447165.0
566014,1926,1993-03-07,PRIJEM,VKLAD,3900.0,22182.6,,,
1028983,3514,1993-03-07,PRIJEM,PREVOD Z UCTU,3399.0,7411.1,,GH,67514222.0
579376,1972,1993-03-07,PRIJEM,PREVOD Z UCTU,5298.0,16336.9,DUCHOD,UV,14132887.0
469894,1601,1993-03-07,PRIJEM,PREVOD Z UCTU,4042.0,4542.0,DUCHOD,CD,45886778.0
3122927,10364,1993-03-07,PRIJEM,VKLAD,14493.0,34324.3,,,
286583,982,1993-03-07,PRIJEM,VKLAD,8200.0,18218.7,,,
292056,1000,1993-03-07,PRIJEM,PREVOD Z UCTU,31348.0,61418.3,,ST,87163465.0
737261,2519,1993-03-07,PRIJEM,PREVOD Z UCTU,5544.0,11588.0,DUCHOD,GH,5454445.0
2775582,9188,1993-03-07,PRIJEM,PREVOD Z UCTU,12710.0,13510.0,,GH,78292494.0
893648,3047,1993-03-07,PRIJEM,PREVOD Z UCTU,3474.0,4074.0,,KL,47210419.0
462814,1575,1993-03-07,PRIJEM,PREVOD Z UCTU,5448.0,6348.0,DUCHOD,IJ,85748850.0
185061,627,1993-03-07,PRIJEM,VKLAD,700.0,23710.5,,,
519754,1775,1993-03-07,PRIJEM,PREVOD Z UCTU,6932.0,7832.0,DUCHOD,WX,16577571.0
454772,1545,1993-03-08,PRIJEM,VKLAD,200.0,200.0,,,
242369,830,1993-03-08,PRIJEM,VKLAD,16623.0,16823.0,,,
144704,485,1993-03-08,VYDAJ,PREVOD NA UCET,7421.0,38959.9,SIPO,EF,89687889.0
781998,2666,1993-03-08,PRIJEM,VKLAD,600.0,600.0,,,
1238920,4240,1993-03-08,PRIJEM,PREVOD Z UCTU,27666.0,55920.0,,EF,17497700.0
1149991,3935,1993-03-08,PRIJEM,VKLAD,1000.0,1000.0,,,
117636,396,1993-03-08,PRIJEM,VKLAD,1000.0,1000.0,,,
123332,415,1993-03-08,PRIJEM,VKLAD,13110.0,13510.0,,,
434655,1477,1993-03-08,PRIJEM,PREVOD Z UCTU,3151.0,7011.8,,KL,92373114.0
789769,2694,1993-03-08,PRIJEM,VKLAD,700.0,700.0,,,
294483,1006,1993-03-08,PRIJEM,PREVOD Z UCTU,3737.0,4737.0,,WX,6088287.0
330234,1126,1993-03-08,PRIJEM,VKLAD,1100.0,1100.0,,,
1028005,3510,1993-03-08,VYDAJ,VYBER,300.0,22070.3,,,
374592,1276,1993-03-08,PRIJEM,VKLAD,6774.0,31429.4,,,
375033,1276,1993-03-08,VYDAJ,VYBER,2200.0,29229.4,,,
1091934,3734,1993-03-08,PRIJEM,VKLAD,1000.0,1000.0,,,
699589,2393,1993-03-08,VYDAJ,VYBER,2500.0,25486.9,,,
882364,3007,1993-03-08,PRIJEM,VKLAD,22452.0,46676.7,,,
275678,944,1993-03-08,PRIJEM,VKLAD,16927.0,16927.0,,,
275675,944,1993-03-08,PRIJEM,VKLAD,500.0,17427.0,,,
716041,2453,1993-03-08,PRIJEM,VKLAD,400.0,400.0,,,
251236,862,1993-03-08,PRIJEM,PREVOD Z UCTU,44333.0,78305.2,,YZ,2834439.0
3402667,11295,1993-03-08,PRIJEM,VKLAD,18347.0,41552.6,,,
929611,3168,1993-03-08,PRIJEM,PREVOD Z UCTU,6303.0,7303.0,DUCHOD,AB,54928976.0
710437,2429,1993-03-08,PRIJEM,VKLAD,5100.0,20309.0,,,
269815,925,1993-03-09,PRIJEM,VKLAD,18500.0,19000.0,,,
298981,1019,1993-03-09,PRIJEM,VKLAD,19746.0,44725.4,,,
1344903,4596,1993-03-09,PRIJEM,VKLAD,700.0,700.0,,,
293962,1005,1993-03-09,PRIJEM,PREVOD Z UCTU,34483.0,34783.0,,QR,48252707.0
332447,1132,1993-03-09,PRIJEM,PREVOD Z UCTU,48098.0,85542.1,,ST,32223415.0
259750,890,1993-03-09,PRIJEM,VKLAD,7041.0,25505.0,,,
727884,2489,1993-03-09,PRIJEM,VKLAD,900.0,900.0,,,
2442701,8051,1993-03-09,VYDAJ,VYBER,700.0,25540.0,,,
858387,2926,1993-03-09,PRIJEM,VKLAD,10584.0,30816.0,,,
1208389,4134,1993-03-09,PRIJEM,VKLAD,9556.0,10056.0,,,
810833,2763,1993-03-09,PRIJEM,VKLAD,31986.0,65221.0,,,
1091937,3734,1993-03-09,PRIJEM,VKLAD,4939.0,5939.0,,,
63715,212,1993-03-09,PRIJEM,PREVOD Z UCTU,49590.0,84632.1,,IJ,58325630.0
581702,1979,1993-03-09,PRIJEM,PREVOD Z UCTU,3021.0,6942.0,,UV,38265723.0
494944,1688,1993-03-09,PRIJEM,PREVOD Z UCTU,5439.0,6239.0,DUCHOD,QR,99495708.0
771038,2632,1993-03-09,PRIJEM,VKLAD,14264.0,42261.3,,,
612714,2087,1993-03-09,VYDAJ,VYBER,6500.0,27629.3,,,
1084399,3704,1993-03-09,PRIJEM,PREVOD Z UCTU,6242.0,12984.0,DUCHOD,AB,11927444.0
1080840,3691,1993-03-09,PRIJEM,PREVOD Z UCTU,6540.0,6940.0,DUCHOD,WX,86339687.0
622122,2122,1993-03-09,VYDAJ,VYBER,28500.0,51440.0,,,
849720,2895,1993-03-09,PRIJEM,VKLAD,300.0,300.0,,,
192099,652,1993-03-09,PRIJEM,VKLAD,13851.0,40508.6,,,
1021464,3487,1993-03-09,VYDAJ,VYBER,3800.0,30782.6,,,
1117250,3818,1993-03-09,PRIJEM,VKLAD,17366.0,50637.2,,,
655711,2241,1993-03-10,PRIJEM,VKLAD,8700.0,20484.0,,,
695723,2379,1993-03-10,PRIJEM,VKLAD,5072.0,24899.9,,,
2350078,7753,1993-03-10,VYDAJ,VYBER,12000.0,35385.6,,,
242557,830,1993-03-10,PRIJEM,VKLAD,2100.0,18923.0,,,
135817,456,1993-03-10,PRIJEM,PREVOD Z UCTU,47831.0,85912.9,,AB,95670407.0
775971,2647,1993-03-10,PRIJEM,VKLAD,12015.0,24465.1,,,
776274,2647,1993-03-10,PRIJEM,VKLAD,1600.0,26065.1,,,
538175,1830,1993-03-10,PRIJEM,VKLAD,7700.0,20238.0,,,
571259,1944,1993-03-10,PRIJEM,VKLAD,17980.0,18680.0,,,
1239177,4240,1993-03-10,VYDAJ,VYBER,14300.0,41620.0,,,
968616,3302,1993-03-10,PRIJEM,PREVOD Z UCTU,3008.0,3708.0,,CD,24482953.0
577122,1965,1993-03-10,PRIJEM,VKLAD,12200.0,12800.0,,,
1657645,5622,1993-03-10,VYDAJ,VYBER,14900.0,43323.2,,,
749326,2555,1993-03-10,PRIJEM,VKLAD,1100.0,20122.0,,,
749329,2555,1993-03-10,PRIJEM,VKLAD,19022.0,19022.0,,,
789772,2694,1993-03-10,PRIJEM,VKLAD,17585.0,18285.0,,,
294997,1006,1993-03-10,PRIJEM,VKLAD,11300.0,16037.0,,,
256852,882,1993-03-10,PRIJEM,VKLAD,11587.0,11887.0,,,
708084,2425,1993-03-10,PRIJEM,VKLAD,8905.0,26728.5,,,
594017,2023,1993-03-10,PRIJEM,VKLAD,23524.0,49963.7,,,
73950,244,1993-03-10,PRIJEM,VKLAD,10100.0,14872.0,,,
110786,374,1993-03-10,VYDAJ,VYBER,11900.0,33150.6,,,
1049884,3592,1993-03-10,PRIJEM,PREVOD Z UCTU,6007.0,18668.0,DUCHOD,MN,73166322.0
2776158,9188,1993-03-10,PRIJEM,VKLAD,3700.0,17210.0,,,
847084,2884,1993-03-10,PRIJEM,VKLAD,8300.0,15228.5,,,
92883,317,1993-03-10,PRIJEM,VKLAD,800.0,800.0,,,
92886,317,1993-03-10,PRIJEM,PREVOD Z UCTU,5922.0,6722.0,DUCHOD,CD,16824597.0
696165,2379,1993-03-11,VYDAJ,VYBER,2600.0,22299.9,,,
26048,86,1993-03-11,PRIJEM,PREVOD Z UCTU,3243.0,4043.0,,ST,93896942.0
29110,96,1993-03-11,PRIJEM,PREVOD Z UCTU,44221.0,45321.0,,GH,68241083.0
333669,1134,1993-03-11,PRIJEM,VKLAD,8200.0,20570.0,,,
649066,2219,1993-03-11,PRIJEM,VKLAD,400.0,400.0,,,
237652,813,1993-03-11,PRIJEM,PREVOD Z UCTU,12154.0,25443.5,,QR,19537103.0
1190755,4078,1993-03-11,PRIJEM,VKLAD,23736.0,50272.0,,,
147446,494,1993-03-11,PRIJEM,VKLAD,400.0,400.0,,,
511267,1750,1993-03-11,PRIJEM,VKLAD,24863.0,48340.0,,,
858266,2925,1993-03-11,VYDAJ,VYBER,1900.0,21182.4,,,
171815,576,1993-03-11,PRIJEM,PREVOD Z UCTU,6207.0,19570.7,DUCHOD,YZ,30300313.0
887177,3026,1993-03-11,PRIJEM,VKLAD,20740.0,21140.0,,,
756207,2581,1993-03-11,PRIJEM,VKLAD,500.0,500.0,,,
506839,1731,1993-03-11,PRIJEM,PREVOD Z UCTU,4758.0,9716.0,DUCHOD,GH,89825009.0
846796,2884,1993-03-11,PRIJEM,VKLAD,5810.0,21038.5,,,
204966,697,1993-03-11,PRIJEM,VKLAD,22067.0,22267.0,,,
253163,866,1993-03-11,VYDAJ,VYBER,8400.0,35572.3,,,
252647,866,1993-03-11,PRIJEM,VKLAD,12644.0,43972.3,,,
184684,627,1993-03-11,PRIJEM,VKLAD,22349.0,46059.5,,,
491816,1678,1993-03-11,PRIJEM,VKLAD,23116.0,23316.0,,,
1736610,5891,1993-03-12,PRIJEM,PREVOD Z UCTU,32594.0,61609.6,,CD,51054984.0
34884,112,1993-03-12,PRIJEM,VKLAD,200.0,200.0,,,
451893,1536,1993-03-12,PRIJEM,PREVOD Z UCTU,25609.0,51649.0,,QR,51120805.0
237946,813,1993-03-12,PRIJEM,VKLAD,700.0,26143.5,,,
1074957,3674,1993-03-12,PRIJEM,VKLAD,1000.0,1000.0,,,
1183179,4055,1993-03-12,PRIJEM,VKLAD,20281.0,43883.1,,,
671440,2293,1993-03-12,PRIJEM,PREVOD Z UCTU,6745.0,7445.0,DUCHOD,EF,62203752.0
537464,1829,1993-03-12,PRIJEM,VKLAD,7429.0,8329.0,,,
394000,1338,1993-03-12,VYDAJ,VYBER,2400.0,30975.5,,,
782001,2666,1993-03-12,PRIJEM,PREVOD Z UCTU,2901.0,3501.0,,IJ,69472062.0
127570,428,1993-03-12,PRIJEM,PREVOD Z UCTU,6614.0,6814.0,DUCHOD,CD,71194147.0
117087,395,1993-03-12,PRIJEM,VKLAD,400.0,400.0,,,
359514,1222,1993-03-12,PRIJEM,PREVOD Z UCTU,6310.0,13320.0,DUCHOD,KL,77489798.0
754235,2574,1993-03-12,PRIJEM,VKLAD,14319.0,32677.0,,,
689830,2357,1993-03-12,PRIJEM,PREVOD Z UCTU,6434.0,20151.6,DUCHOD,OP,34144538.0
725754,2484,1993-03-12,PRIJEM,VKLAD,14779.0,42997.3,,,
707248,2423,1993-03-12,PRIJEM,PREVOD Z UCTU,5671.0,6071.0,DUCHOD,UV,2074182.0
565657,1926,1993-03-12,PRIJEM,VKLAD,4507.0,26689.6,,,
599192,2039,1993-03-12,PRIJEM,VKLAD,300.0,300.0,,,
857976,2925,1993-03-12,PRIJEM,VKLAD,6446.0,27628.4,,,
989749,3374,1993-03-12,PRIJEM,VKLAD,24784.0,24984.0,,,
207267,704,1993-03-12,PRIJEM,VKLAD,17477.0,47570.3,,,
2242713,7401,1993-03-12,PRIJEM,PREVOD Z UCTU,20236.0,21336.0,,ST,66487163.0
279,2,1993-03-12,PRIJEM,PREVOD Z UCTU,20236.0,21336.0,,ST,66487163.0
477641,1628,1993-03-12,PRIJEM,PREVOD Z UCTU,4276.0,13562.1,DUCHOD,UV,15916598.0
309327,1054,1993-03-12,PRIJEM,VKLAD,9650.0,10450.0,,,
307764,1050,1993-03-12,PRIJEM,PREVOD Z UCTU,25317.0,26317.0,,WX,2865469.0
1050257,3593,1993-03-12,PRIJEM,VKLAD,15787.0,15987.0,,,
796073,2712,1993-03-12,PRIJEM,VKLAD,400.0,400.0,,,
758170,2585,1993-03-12,PRIJEM,VKLAD,4200.0,20201.0,,,
1121966,3834,1993-03-12,PRIJEM,VKLAD,13875.0,35084.7,,,
101685,346,1993-03-12,VYDAJ,VYBER,7900.0,34032.0,,,
83661,280,1993-03-12,PRIJEM,VKLAD,12043.0,30605.3,,,
711851,2434,1993-03-12,PRIJEM,VKLAD,4391.0,19994.6,,,
490780,1675,1993-03-12,PRIJEM,PREVOD Z UCTU,4327.0,9767.7,DUCHOD,AB,50350195.0
48643,163,1993-03-13,PRIJEM,PREVOD Z UCTU,6698.0,14296.0,DUCHOD,YZ,76209622.0
34887,112,1993-03-13,PRIJEM,PREVOD Z UCTU,6582.0,6782.0,DUCHOD,EF,24612278.0
37883,123,1993-03-13,PRIJEM,VKLAD,200.0,200.0,,,
142153,477,1993-03-13,PRIJEM,VKLAD,16392.0,34697.6,,,
785193,2676,1993-03-13,PRIJEM,VKLAD,15263.0,34048.3,,,
3314627,11013,1993-03-13,PRIJEM,PREVOD Z UCTU,42244.0,42844.0,,YZ,45816707.0
2910390,9640,1993-03-13,PRIJEM,PREVOD Z UCTU,19106.0,19106.0,,UV,13876933.0
2910387,9640,1993-03-13,PRIJEM,VKLAD,1100.0,20206.0,,,
1256507,4296,1993-03-13,PRIJEM,VKLAD,18729.0,42865.2,,,
439038,1493,1993-03-13,PRIJEM,PREVOD Z UCTU,5009.0,15262.0,DUCHOD,AB,54522466.0
435765,1481,1993-03-13,PRIJEM,PREVOD Z UCTU,3098.0,7196.0,,AB,21098941.0
811286,2763,1993-03-13,VYDAJ,VYBER,18300.0,46921.0,,,
218881,744,1993-03-13,PRIJEM,PREVOD Z UCTU,5740.0,6140.0,DUCHOD,GH,94336568.0
914521,3117,1993-03-13,PRIJEM,PREVOD Z UCTU,5355.0,6255.0,DUCHOD,CD,1493776.0
873125,2974,1993-03-13,PRIJEM,VKLAD,1100.0,1100.0,,,
618170,2110,1993-03-13,PRIJEM,PREVOD Z UCTU,3076.0,3676.0,,WX,47164356.0
615784,2099,1993-03-13,VYDAJ,VYBER,27200.0,55839.4,,,
660837,2256,1993-03-13,PRIJEM,PREVOD Z UCTU,4729.0,10170.9,DUCHOD,AB,59773492.0
1036266,3545,1993-03-13,PRIJEM,VKLAD,20203.0,21103.0,,,
480217,1637,1993-03-13,PRIJEM,PREVOD Z UCTU,5718.0,17695.8,DUCHOD,UV,45134812.0
1142761,3909,1993-03-13,PRIJEM,VKLAD,24400.0,49058.6,,,
404593,1378,1993-03-13,PRIJEM,VKLAD,24419.0,25519.0,,,
716044,2453,1993-03-13,PRIJEM,PREVOD Z UCTU,3285.0,3685.0,,OP,70054560.0
796788,2714,1993-03-13,PRIJEM,VKLAD,1300.0,14200.0,,,
871634,2970,1993-03-13,PRIJEM,VKLAD,9658.0,29139.2,,,
757956,2585,1993-03-13,PRIJEM,VKLAD,14963.0,35164.0,,,
756210,2581,1993-03-13,PRIJEM,VKLAD,19653.0,20153.0,,,
622630,2124,1993-03-13,PRIJEM,VKLAD,21431.0,21931.0,,,
505243,1726,1993-03-13,PRIJEM,VKLAD,13967.0,45849.2,,,
846009,2881,1993-03-13,PRIJEM,VKLAD,6959.0,31361.7,,,
1021123,3487,1993-03-13,PRIJEM,VKLAD,15914.0,46696.6,,,
94647,322,1993-03-13,PRIJEM,VKLAD,16646.0,17646.0,,,
733694,2508,1993-03-14,PRIJEM,VKLAD,700.0,700.0,,,
174562,588,1993-03-14,PRIJEM,VKLAD,1000.0,1000.0,,,
131925,443,1993-03-14,PRIJEM,PREVOD Z UCTU,3058.0,6616.0,,ST,29172384.0
571552,1944,1993-03-14,PRIJEM,VKLAD,3000.0,21680.0,,,
122245,411,1993-03-14,PRIJEM,VKLAD,18497.0,40336.2,,,
577581,1966,1993-03-14,VYDAJ,VYBER,7500.0,34581.9,,,
577277,1966,1993-03-14,PRIJEM,VKLAD,20567.0,42081.9,,,
745025,2543,1993-03-14,PRIJEM,PREVOD Z UCTU,6148.0,13412.2,DUCHOD,CD,4203528.0
2908691,9635,1993-03-14,PRIJEM,PREVOD Z UCTU,4470.0,13853.2,DUCHOD,CD,37906074.0
1101122,3760,1993-03-14,VYDAJ,VYBER,5200.0,30969.7,,,
727887,2489,1993-03-14,PRIJEM,PREVOD Z UCTU,5781.0,6681.0,DUCHOD,YZ,23886204.0
1313159,4484,1993-03-14,PRIJEM,VKLAD,18654.0,51006.9,,,
1028507,3513,1993-03-14,PRIJEM,VKLAD,19078.0,19578.0,,,
167904,562,1993-03-14,PRIJEM,VKLAD,1900.0,2200.0,,,
166984,559,1993-03-14,PRIJEM,PREVOD Z UCTU,5672.0,5972.0,DUCHOD,OP,74414402.0
2135180,7231,1993-03-14,PRIJEM,VKLAD,500.0,500.0,,,
911507,3108,1993-03-14,PRIJEM,VKLAD,600.0,600.0,,,
699223,2393,1993-03-14,PRIJEM,VKLAD,10737.0,36223.9,,,
1081330,3693,1993-03-14,PRIJEM,VKLAD,15447.0,35096.9,,,
226657,772,1993-03-14,PRIJEM,VKLAD,24009.0,47950.0,,,
717562,2458,1993-03-14,PRIJEM,VKLAD,1100.0,1100.0,,,
1548752,5270,1993-03-14,PRIJEM,PREVOD Z UCTU,44749.0,125825.7,,IJ,80269753.0
1549099,5270,1993-03-14,VYDAJ,VYBER,51700.0,74125.7,,,
1549100,5270,1993-03-14,VYDAJ,VYBER,25300.0,48825.7,,,
849723,2895,1993-03-14,PRIJEM,VKLAD,18146.0,18446.0,,,
608138,2070,1993-03-14,PRIJEM,VKLAD,12138.0,32279.0,,,
144557,485,1993-03-15,PRIJEM,VKLAD,5697.0,44656.9,,,
1977570,6701,1993-03-15,PRIJEM,VKLAD,200.0,200.0,,,
1136395,3883,1993-03-15,PRIJEM,VKLAD,500.0,500.0,,,
1273277,4355,1993-03-15,PRIJEM,VKLAD,1400.0,2200.0,,,
1100766,3760,1993-03-15,PRIJEM,VKLAD,10539.0,41508.7,,,
858902,2926,1993-03-15,VYDAJ,VYBER,4900.0,25916.0,,,
66582,222,1993-03-15,PRIJEM,VKLAD,500.0,500.0,,,
528025,1801,1993-03-15,PRIJEM,VKLAD,3700.0,23374.9,,,
1143205,3909,1993-03-15,VYDAJ,VYBER,13900.0,35158.6,,,
3394149,11265,1993-03-15,VYDAJ,VYBER,800.0,25279.8,,,
730401,2497,1993-03-16,PRIJEM,VKLAD,300.0,300.0,,,
2349715,7753,1993-03-16,PRIJEM,VKLAD,36130.0,71515.6,,,
39492,128,1993-03-16,PRIJEM,VKLAD,1800.0,2100.0,,,
502384,1713,1993-03-16,PRIJEM,VKLAD,700.0,1400.0,,,
3315106,11013,1993-03-16,VYDAJ,VYBER,7000.0,35844.0,,,
1122690,3835,1993-03-16,PRIJEM,VKLAD,900.0,900.0,,,
1039120,3554,1993-03-16,PRIJEM,VKLAD,500.0,48482.9,,,
2191,9,1993-03-16,PRIJEM,VKLAD,800.0,12905.4,,,
527446,1801,1993-03-16,PRIJEM,VKLAD,8368.0,31742.9,,,
402734,1372,1993-03-16,PRIJEM,VKLAD,300.0,300.0,,,
315562,1077,1993-03-17,PRIJEM,VKLAD,1500.0,2500.0,,,
2809960,9307,1993-03-17,PRIJEM,VKLAD,16549.0,29857.6,,,
2349722,7753,1993-03-18,PRIJEM,VKLAD,7824.0,79339.6,,,
39564,128,1993-03-18,PRIJEM,VKLAD,600.0,2700.0,,,
1003507,3424,1993-03-18,VYDAJ,VYBER,10400.0,34735.8,,,
3123298,10364,1993-03-18,VYDAJ,VYBER,4800.0,29524.3,,,
1136482,3883,1993-03-18,PRIJEM,VKLAD,700.0,1200.0,,,
1273349,4355,1993-03-18,PRIJEM,VKLAD,1500.0,3700.0,,,
1208387,4134,1993-03-18,PRIJEM,VKLAD,40872.0,50928.0,,,
167976,562,1993-03-18,PRIJEM,VKLAD,1900.0,4100.0,,,
160856,539,1993-03-18,PRIJEM,VKLAD,13500.0,14200.0,,,
2256133,7445,1993-03-18,PRIJEM,VKLAD,200.0,200.0,,,
621780,2122,1993-03-18,PRIJEM,VKLAD,22685.0,74125.0,,,
1039192,3554,1993-03-18,PRIJEM,VKLAD,900.0,49382.9,,,
1039421,3554,1993-03-18,VYDAJ,VYBER,14900.0,34482.9,,,
285366,979,1993-03-18,PRIJEM,VKLAD,1200.0,20114.0,,,
1779017,6034,1993-03-19,PRIJEM,VKLAD,200.0,200.0,,,
35597,115,1993-03-19,PRIJEM,VKLAD,800.0,800.0,,,
1176617,4034,1993-03-19,PRIJEM,VKLAD,3500.0,21883.7,,,
349915,1189,1993-03-19,PRIJEM,VKLAD,600.0,600.0,,,
3331510,11065,1993-03-19,PRIJEM,VKLAD,1100.0,1100.0,,,
126007,425,1993-03-19,PRIJEM,VKLAD,400.0,400.0,,,
119792,401,1993-03-19,VYDAJ,VYBER,5800.0,26168.1,,,
990107,3374,1993-03-19,PRIJEM,VKLAD,1600.0,26584.0,,,
1036526,3545,1993-03-19,PRIJEM,VKLAD,1400.0,22503.0,,,
250302,860,1993-03-19,PRIJEM,VKLAD,600.0,600.0,,,
739835,2527,1993-03-19,PRIJEM,VKLAD,1000.0,1000.0,,,
2984138,9883,1993-03-19,PRIJEM,VKLAD,500.0,500.0,,,
29727,96,1993-03-20,VYDAJ,VYBER,11500.0,33821.0,,,
451455,1535,1993-03-20,PRIJEM,VKLAD,200.0,200.0,,,
1075585,3675,1993-03-20,PRIJEM,VKLAD,700.0,700.0,,,
260351,892,1993-03-20,PRIJEM,VKLAD,900.0,900.0,,,
810128,2762,1993-03-20,PRIJEM,VKLAD,500.0,500.0,,,
900589,3069,1993-03-20,PRIJEM,VKLAD,400.0,400.0,,,
887466,3026,1993-03-20,PRIJEM,VKLAD,3300.0,24440.0,,,
527466,1801,1993-03-20,PRIJEM,VKLAD,36574.0,68316.9,,,
1050618,3593,1993-03-20,PRIJEM,VKLAD,3900.0,19887.0,,,
1122556,3834,1993-03-20,VYDAJ,VYBER,6700.0,28384.7,,,
39755,128,1993-03-21,PRIJEM,VKLAD,9100.0,11800.0,,,
1109309,3787,1993-03-21,PRIJEM,VKLAD,1800.0,23550.0,,,
777538,2651,1993-03-21,PRIJEM,VKLAD,200.0,200.0,,,
64022,212,1993-03-21,VYDAJ,VYBER,29700.0,54932.1,,,
766561,2618,1993-03-21,PRIJEM,VKLAD,600.0,600.0,,,
309620,1054,1993-03-21,PRIJEM,VKLAD,6800.0,17250.0,,,
1935491,6555,1993-03-21,PRIJEM,VKLAD,12801.0,13101.0,,,
299431,1019,1993-03-22,VYDAJ,VYBER,9600.0,35125.4,,,
137125,459,1993-03-22,PRIJEM,VKLAD,3100.0,17500.0,,,
136149,456,1993-03-22,VYDAJ,VYBER,29400.0,56512.9,,,
1602507,5442,1993-03-22,PRIJEM,VKLAD,300.0,300.0,,,
523621,1787,1993-03-22,PRIJEM,VKLAD,1100.0,1100.0,,,
227106,772,1993-03-22,VYDAJ,VYBER,12600.0,35350.0,,,
1450518,4937,1993-03-22,VYDAJ,VYBER,16400.0,37574.7,,,
622996,2124,1993-03-22,PRIJEM,VKLAD,2100.0,24031.0,,,
410110,1397,1993-03-22,PRIJEM,VKLAD,700.0,700.0,,,
3403039,11295,1993-03-22,VYDAJ,VYBER,10700.0,30852.6,,,
94940,322,1993-03-22,PRIJEM,VKLAD,3600.0,21246.0,,,
452239,1536,1993-03-23,VYDAJ,VYBER,11900.0,39749.0,,,
785633,2676,1993-03-23,VYDAJ,VYBER,4500.0,29548.3,,,
1273578,4355,1993-03-23,PRIJEM,VKLAD,12500.0,16200.0,,,
2135189,7231,1993-03-23,PRIJEM,VKLAD,46824.0,62273.0,,,
2135185,7231,1993-03-23,PRIJEM,VKLAD,14949.0,15449.0,,,
871810,2970,1993-03-23,VYDAJ,VYBER,4300.0,24839.2,,,
1935478,6555,1993-03-23,PRIJEM,VKLAD,39703.0,52804.0,,,
1108017,3785,1993-03-24,PRIJEM,VKLAD,200.0,200.0,,,
1076496,3678,1993-03-24,PRIJEM,VKLAD,800.0,800.0,,,
183005,623,1993-03-24,PRIJEM,VKLAD,200.0,200.0,,,
1657162,5622,1993-03-24,PRIJEM,VKLAD,43050.0,86373.2,,,
2501876,8260,1993-03-24,PRIJEM,VKLAD,200.0,200.0,,,
880801,3001,1993-03-24,PRIJEM,VKLAD,400.0,400.0,,,
1450016,4937,1993-03-24,PRIJEM,VKLAD,18790.0,56364.7,,,
192918,655,1993-03-24,PRIJEM,VKLAD,1000.0,1000.0,,,
84102,280,1993-03-24,VYDAJ,VYBER,5100.0,25505.3,,,
708373,2425,1993-03-24,VYDAJ,VYBER,800.0,25928.5,,,
492187,1678,1993-03-24,VYDAJ,VYBER,200.0,23116.0,,,
270133,925,1993-03-25,PRIJEM,VKLAD,4200.0,23200.0,,,
1195278,4093,1993-03-25,PRIJEM,VKLAD,400.0,400.0,,,
1183400,4055,1993-03-25,VYDAJ,VYBER,7700.0,36183.1,,,
391494,1332,1993-03-25,PRIJEM,VKLAD,300.0,300.0,,,
740439,2528,1993-03-25,PRIJEM,VKLAD,1000.0,1000.0,,,
294327,1005,1993-03-25,VYDAJ,VYBER,5400.0,29383.0,,,
1100772,3760,1993-03-25,PRIJEM,VKLAD,24226.0,65734.7,,,
726530,2486,1993-03-25,PRIJEM,VKLAD,38820.0,39020.0,,,
810150,2762,1993-03-25,PRIJEM,VKLAD,30360.0,30860.0,,,
1602508,5442,1993-03-25,PRIJEM,VKLAD,7651.0,7951.0,,,
2810463,9307,1993-03-25,VYDAJ,VYBER,1300.0,28557.6,,,
590834,2011,1993-03-25,PRIJEM,VKLAD,900.0,900.0,,,
504193,1721,1993-03-25,PRIJEM,VKLAD,1100.0,1100.0,,,
1486386,5065,1993-03-25,VYDAJ,VYBER,5000.0,24371.2,,,
205250,697,1993-03-25,PRIJEM,VKLAD,2000.0,24267.0,,,
956572,3260,1993-03-25,PRIJEM,VKLAD,400.0,400.0,,,
963184,3283,1993-03-26,PRIJEM,VKLAD,300.0,300.0,,,
1779034,6034,1993-03-26,PRIJEM,VKLAD,23851.0,24051.0,,,
1736951,5891,1993-03-26,VYDAJ,VYBER,20200.0,41409.6,,,
1106913,3781,1993-03-26,PRIJEM,VKLAD,800.0,800.0,,,
144560,485,1993-03-26,PRIJEM,VKLAD,49112.0,93768.9,,,
142593,477,1993-03-26,VYDAJ,VYBER,4400.0,30297.6,,,
144918,485,1993-03-26,VYBER,VYBER,5166.0,88602.9,,,
1977575,6701,1993-03-26,PRIJEM,VKLAD,29082.0,29282.0,,,
1602509,5442,1993-03-26,PRIJEM,VKLAD,34681.0,42632.0,,,
2127306,7203,1993-03-26,PRIJEM,VKLAD,900.0,900.0,,,
308090,1050,1993-03-26,VYDAJ,VYBER,800.0,25517.0,,,
