account_id,loan_status,loan_count,avg_loan_amount,avg_loan_duration,clients_in_debt
2,"No problems",2,80952.0000,24.0000,0
9,"No Loan",1,0.0000,0.0000,0
15,"No Loan",1,0.0000,0.0000,0
18,"No Loan",1,0.0000,0.0000,0
23,"No Loan",1,0.0000,0.0000,0
26,"No Loan",1,0.0000,0.0000,0
27,"No Loan",1,0.0000,0.0000,0
33,"No Loan",1,0.0000,0.0000,0
34,"No Loan",1,0.0000,0.0000,0
35,"No Loan",1,0.0000,0.0000,0
36,"No Loan",1,0.0000,0.0000,0
39,"No Loan",1,0.0000,0.0000,0
40,"No Loan",1,0.0000,0.0000,0
44,"No Loan",1,0.0000,0.0000,0
47,"No Loan",1,0.0000,0.0000,0
62,"No Loan",1,0.0000,0.0000,0
73,"No Loan",1,0.0000,0.0000,0
78,"No Loan",1,0.0000,0.0000,0
83,"No Loan",2,0.0000,0.0000,0
86,"No Loan",2,0.0000,0.0000,0
96,"No Loan",2,0.0000,0.0000,0
102,"No Loan",1,0.0000,0.0000,0
104,"No Loan",2,0.0000,0.0000,0
107,"No Loan",1,0.0000,0.0000,0
112,"No Loan",2,0.0000,0.0000,0
115,"No Loan",1,0.0000,0.0000,0
117,"No Loan",1,0.0000,0.0000,0
119,"No Loan",1,0.0000,0.0000,0
123,"No Loan",2,0.0000,0.0000,0
126,"No Loan",1,0.0000,0.0000,0
128,"No Loan",1,0.0000,0.0000,0
135,"No Loan",1,0.0000,0.0000,0
142,"No Loan",2,0.0000,0.0000,0
146,"No Loan",1,0.0000,0.0000,0
148,"No Loan",1,0.0000,0.0000,0
151,"No Loan",2,0.0000,0.0000,0
153,"No Loan",1,0.0000,0.0000,0
160,"No Loan",1,0.0000,0.0000,0
162,"No Loan",2,0.0000,0.0000,0
163,"No Loan",1,0.0000,0.0000,0
165,"No Loan",2,0.0000,0.0000,0
168,"No Loan",2,0.0000,0.0000,0
172,"No Loan",2,0.0000,0.0000,0
186,"No Loan",1,0.0000,0.0000,0
187,"No Loan",1,0.0000,0.0000,0
188,"No Loan",1,0.0000,0.0000,0
192,"No Loan",1,0.0000,0.0000,0
196,"No Loan",1,0.0000,0.0000,0
197,"No Loan",1,0.0000,0.0000,0
198,"No Loan",1,0.0000,0.0000,0
207,"No Loan",1,0.0000,0.0000,0
212,"No Loan",1,0.0000,0.0000,0
220,"No Loan",1,0.0000,0.0000,0
222,"No Loan",1,0.0000,0.0000,0
225,"No Loan",2,0.0000,0.0000,0
228,"No Loan",1,0.0000,0.0000,0
234,"No Loan",2,0.0000,0.0000,0
235,"No Loan",1,0.0000,0.0000,0
238,"No Loan",1,0.0000,0.0000,0
239,"No Loan",1,0.0000,0.0000,0
243,"No Loan",1,0.0000,0.0000,0
244,"No Loan",1,0.0000,0.0000,0
259,"No Loan",1,0.0000,0.0000,0
273,"No Loan",1,0.0000,0.0000,0
274,"No Loan",1,0.0000,0.0000,0
279,"No Loan",2,0.0000,0.0000,0
280,"No Loan",1,0.0000,0.0000,0
287,"No Loan",1,0.0000,0.0000,0
299,"No Loan",1,0.0000,0.0000,0
300,"No Loan",2,0.0000,0.0000,0
306,"No Loan",1,0.0000,0.0000,0
317,"No Loan",1,0.0000,0.0000,0
321,"No Loan",1,0.0000,0.0000,0
322,"No Loan",2,0.0000,0.0000,0
327,"No Loan",1,0.0000,0.0000,0
334,"No Loan",1,0.0000,0.0000,0
340,"No Loan",2,0.0000,0.0000,0
346,"No Loan",1,0.0000,0.0000,0
354,"No Loan",1,0.0000,0.0000,0
361,"No Loan",1,0.0000,0.0000,0
362,"No Loan",1,0.0000,0.0000,0
368,"No Loan",1,0.0000,0.0000,0
374,"No Loan",1,0.0000,0.0000,0
381,"No Loan",1,0.0000,0.0000,0
385,"No Loan",1,0.0000,0.0000,0
389,"No Loan",1,0.0000,0.0000,0
395,"No Loan",2,0.0000,0.0000,0
396,"No Loan",1,0.0000,0.0000,0
397,"No Loan",2,0.0000,0.0000,0
400,"No Loan",1,0.0000,0.0000,0
401,"No Loan",1,0.0000,0.0000,0
403,"No Loan",2,0.0000,0.0000,0
408,"No Loan",1,0.0000,0.0000,0
411,"No Loan",1,0.0000,0.0000,0
415,"No Loan",1,0.0000,0.0000,0
419,"No Loan",1,0.0000,0.0000,0
423,"No Loan",1,0.0000,0.0000,0
425,"No Loan",1,0.0000,0.0000,0
428,"No Loan",2,0.0000,0.0000,0
432,"No Loan",1,0.0000,0.0000,0
433,"No Loan",1,0.0000,0.0000,0
435,"No Loan",1,0.0000,0.0000,0
443,"No Loan",1,0.0000,0.0000,0
445,"No Loan",1,0.0000,0.0000,0
446,"No Loan",1,0.0000,0.0000,0
456,"No Loan",1,0.0000,0.0000,0
459,"No Loan",1,0.0000,0.0000,0
461,"No Loan",2,0.0000,0.0000,0
462,"No Loan",1,0.0000,0.0000,0
465,"No Loan",1,0.0000,0.0000,0
467,"No Loan",1,0.0000,0.0000,0
477,"No Loan",1,0.0000,0.0000,0
485,"No Loan",1,0.0000,0.0000,0
489,"No Loan",1,0.0000,0.0000,0
492,"No Loan",1,0.0000,0.0000,0
494,"No Loan",1,0.0000,0.0000,0
496,"No Loan",1,0.0000,0.0000,0
497,"No Loan",1,0.0000,0.0000,0
504,"No Loan",1,0.0000,0.0000,0
510,"No Loan",1,0.0000,0.0000,0
517,"No Loan",1,0.0000,0.0000,0
519,"No Loan",2,0.0000,0.0000,0
520,"No Loan",1,0.0000,0.0000,0
523,"No Loan",1,0.0000,0.0000,0
539,"No Loan",1,0.0000,0.0000,0
540,"No Loan",1,0.0000,0.0000,0
541,"No Loan",1,0.0000,0.0000,0
542,"No Loan",1,0.0000,0.0000,0
551,"No Loan",1,0.0000,0.0000,0
552,"No Loan",1,0.0000,0.0000,0
555,"No Loan",1,0.0000,0.0000,0
559,"No Loan",1,0.0000,0.0000,0
562,"No Loan",1,0.0000,0.0000,0
563,"No Loan",1,0.0000,0.0000,0
574,"No Loan",1,0.0000,0.0000,0
576,"No Loan",2,0.0000,0.0000,0
588,"No Loan",1,0.0000,0.0000,0
601,"No Loan",1,0.0000,0.0000,0
616,"No Loan",1,0.0000,0.0000,0
623,"No Loan",2,0.0000,0.0000,0
624,"No Loan",1,0.0000,0.0000,0
626,"No Loan",2,0.0000,0.0000,0
627,"No Loan",1,0.0000,0.0000,0
630,"No Loan",1,0.0000,0.0000,0
640,"No Loan",1,0.0000,0.0000,0
648,"No Loan",1,0.0000,0.0000,0
652,"No Loan",1,0.0000,0.0000,0
655,"No Loan",1,0.0000,0.0000,0
657,"No Loan",1,0.0000,0.0000,0
678,"No Loan",1,0.0000,0.0000,0
686,"No Loan",1,0.0000,0.0000,0
697,"No Loan",2,0.0000,0.0000,0
699,"No Loan",1,0.0000,0.0000,0
701,"No Loan",1,0.0000,0.0000,0
702,"No Loan",1,0.0000,0.0000,0
704,"No Loan",2,0.0000,0.0000,0
717,"No Loan",2,0.0000,0.0000,0
721,"No Loan",2,0.0000,0.0000,0
730,"No Loan",1,0.0000,0.0000,0
738,"No Loan",1,0.0000,0.0000,0
743,"No Loan",1,0.0000,0.0000,0
744,"No Loan",1,0.0000,0.0000,0
747,"No Loan",1,0.0000,0.0000,0
748,"No Loan",2,0.0000,0.0000,0
750,"No Loan",1,0.0000,0.0000,0
751,"No Loan",1,0.0000,0.0000,0
757,"No Loan",1,0.0000,0.0000,0
759,"No Loan",1,0.0000,0.0000,0
764,"No Loan",1,0.0000,0.0000,0
772,"No Loan",1,0.0000,0.0000,0
773,"No Loan",1,0.0000,0.0000,0
774,"No Loan",1,0.0000,0.0000,0
787,"No Loan",1,0.0000,0.0000,0
790,"Loan not paid",1,208128.0000,48.0000,0
793,"No Loan",2,0.0000,0.0000,0
799,"No Loan",2,0.0000,0.0000,0
813,"No problems",1,24312.0000,12.0000,0
815,"No Loan",2,0.0000,0.0000,0
816,"No problems",1,48624.0000,24.0000,0
830,"No Loan",2,0.0000,0.0000,0
837,"No Loan",1,0.0000,0.0000,0
838,"No Loan",2,0.0000,0.0000,0
841,"No Loan",1,0.0000,0.0000,0
854,"Running, OK",1,87216.0000,48.0000,0
857,"No Loan",2,0.0000,0.0000,0
860,"No Loan",1,0.0000,0.0000,0
861,"No Loan",1,0.0000,0.0000,0
862,"No Loan",1,0.0000,0.0000,0
863,"No Loan",1,0.0000,0.0000,0
866,"No Loan",1,0.0000,0.0000,0
882,"No Loan",1,0.0000,0.0000,0
885,"No Loan",1,0.0000,0.0000,0
886,"No Loan",1,0.0000,0.0000,0
887,"No Loan",1,0.0000,0.0000,0
890,"No Loan",1,0.0000,0.0000,0
892,"No Loan",1,0.0000,0.0000,0
897,"No Loan",1,0.0000,0.0000,0
899,"No Loan",1,0.0000,0.0000,0
902,"No Loan",1,0.0000,0.0000,0
907,"No Loan",1,0.0000,0.0000,0
914,"No Loan",1,0.0000,0.0000,0
925,"No Loan",1,0.0000,0.0000,0
928,"No Loan",1,0.0000,0.0000,0
929,"No Loan",1,0.0000,0.0000,0
930,"No Loan",1,0.0000,0.0000,0
931,"No Loan",1,0.0000,0.0000,0
942,"No Loan",1,0.0000,0.0000,0
943,"No Loan",1,0.0000,0.0000,0
944,"No Loan",1,0.0000,0.0000,0
947,"No Loan",1,0.0000,0.0000,0
950,"No Loan",1,0.0000,0.0000,0
965,"No Loan",1,0.0000,0.0000,0
977,"No Loan",1,0.0000,0.0000,0
978,"No Loan",1,0.0000,0.0000,0
979,"No Loan",1,0.0000,0.0000,0
982,"No Loan",1,0.0000,0.0000,0
991,"No Loan",1,0.0000,0.0000,0
998,"No Loan",1,0.0000,0.0000,0
1000,"No Loan",1,0.0000,0.0000,0
1005,"No Loan",1,0.0000,0.0000,0
1006,"No Loan",1,0.0000,0.0000,0
1016,"No Loan",1,0.0000,0.0000,0
1018,"No Loan",1,0.0000,0.0000,0
1019,"No Loan",1,0.0000,0.0000,0
1023,"No Loan",1,0.0000,0.0000,0
1032,"No Loan",1,0.0000,0.0000,0
1039,"No Loan",1,0.0000,0.0000,0
1048,"No Loan",1,0.0000,0.0000,0
1050,"No Loan",1,0.0000,0.0000,0
1051,"No Loan",1,0.0000,0.0000,0
1052,"No Loan",1,0.0000,0.0000,0
1054,"No Loan",1,0.0000,0.0000,0
1057,"No Loan",1,0.0000,0.0000,0
1062,"No Loan",1,0.0000,0.0000,0
1065,"No Loan",1,0.0000,0.0000,0
1069,"No Loan",1,0.0000,0.0000,0
1071,"Running, OK",1,253200.0000,60.0000,0
1077,"No Loan",1,0.0000,0.0000,0
1079,"No Loan",1,0.0000,0.0000,0
1091,"No Loan",1,0.0000,0.0000,0
1106,"Loan not paid",1,192552.0000,24.0000,0
1107,"No Loan",1,0.0000,0.0000,0
1114,"No Loan",1,0.0000,0.0000,0
1115,"No Loan",1,0.0000,0.0000,0
1116,"No Loan",1,0.0000,0.0000,0
1118,"No Loan",1,0.0000,0.0000,0
1120,"No Loan",1,0.0000,0.0000,0
1123,"No Loan",1,0.0000,0.0000,0
1126,"No Loan",1,0.0000,0.0000,0
1127,"No Loan",1,0.0000,0.0000,0
1132,"No Loan",1,0.0000,0.0000,0
1133,"No Loan",1,0.0000,0.0000,0
1134,"No Loan",1,0.0000,0.0000,0
1136,"No Loan",1,0.0000,0.0000,0
1144,"No Loan",1,0.0000,0.0000,0
1145,"No Loan",1,0.0000,0.0000,0
1146,"No Loan",1,0.0000,0.0000,0
1147,"No Loan",1,0.0000,0.0000,0
1152,"No Loan",1,0.0000,0.0000,0
1157,"No Loan",1,0.0000,0.0000,0
1161,"No Loan",1,0.0000,0.0000,0
1166,"No problems",1,149040.0000,48.0000,0
1179,"No Loan",1,0.0000,0.0000,0
1180,"No Loan",1,0.0000,0.0000,0
1189,"No Loan",1,0.0000,0.0000,0
1197,"No Loan",1,0.0000,0.0000,0
1200,"No Loan",1,0.0000,0.0000,0
1201,"No Loan",1,0.0000,0.0000,0
1207,"No Loan",1,0.0000,0.0000,0
1217,"No Loan",1,0.0000,0.0000,0
1222,"No Loan",1,0.0000,0.0000,0
1234,"No Loan",1,0.0000,0.0000,0
1236,"No Loan",1,0.0000,0.0000,0
1239,"No Loan",1,0.0000,0.0000,0
1247,"Client in debt",1,99696.0000,48.0000,1
1268,"No Loan",1,0.0000,0.0000,0
1272,"No Loan",1,0.0000,0.0000,0
1276,"No Loan",1,0.0000,0.0000,0
1277,"No Loan",1,0.0000,0.0000,0
1285,"No Loan",1,0.0000,0.0000,0
1297,"No Loan",1,0.0000,0.0000,0
1299,"No Loan",1,0.0000,0.0000,0
1305,"No Loan",1,0.0000,0.0000,0
1322,"No Loan",1,0.0000,0.0000,0
1332,"No Loan",1,0.0000,0.0000,0
1334,"No Loan",1,0.0000,0.0000,0
1337,"No Loan",1,0.0000,0.0000,0
1338,"No Loan",1,0.0000,0.0000,0
1345,"No Loan",1,0.0000,0.0000,0
1366,"No Loan",1,0.0000,0.0000,0
1372,"No Loan",1,0.0000,0.0000,0
1373,"No Loan",1,0.0000,0.0000,0
1378,"No Loan",1,0.0000,0.0000,0
1381,"No Loan",1,0.0000,0.0000,0
1382,"No Loan",1,0.0000,0.0000,0
1392,"No Loan",1,0.0000,0.0000,0
1397,"No Loan",1,0.0000,0.0000,0
1401,"No Loan",1,0.0000,0.0000,0
1402,"No Loan",1,0.0000,0.0000,0
1404,"No Loan",1,0.0000,0.0000,0
1410,"No Loan",1,0.0000,0.0000,0
1411,"No Loan",1,0.0000,0.0000,0
1412,"No Loan",1,0.0000,0.0000,0
1416,"No Loan",1,0.0000,0.0000,0
1422,"No Loan",1,0.0000,0.0000,0
1425,"No Loan",1,0.0000,0.0000,0
1429,"No Loan",1,0.0000,0.0000,0
1440,"No Loan",1,0.0000,0.0000,0
1442,"No Loan",1,0.0000,0.0000,0
1449,"No Loan",1,0.0000,0.0000,0
1451,"No Loan",1,0.0000,0.0000,0
1453,"No Loan",1,0.0000,0.0000,0
1468,"No Loan",1,0.0000,0.0000,0
1475,"No Loan",1,0.0000,0.0000,0
1476,"No Loan",1,0.0000,0.0000,0
1477,"No Loan",1,0.0000,0.0000,0
1481,"No Loan",1,0.0000,0.0000,0
1485,"No Loan",1,0.0000,0.0000,0
1487,"No Loan",1,0.0000,0.0000,0
1493,"No Loan",1,0.0000,0.0000,0
1495,"No Loan",1,0.0000,0.0000,0
1497,"No Loan",1,0.0000,0.0000,0
1505,"No Loan",1,0.0000,0.0000,0
1507,"No Loan",1,0.0000,0.0000,0
1513,"No Loan",1,0.0000,0.0000,0
1515,"No Loan",1,0.0000,0.0000,0
1516,"No Loan",1,0.0000,0.0000,0
1518,"No Loan",1,0.0000,0.0000,0
1534,"No Loan",1,0.0000,0.0000,0
1535,"No Loan",1,0.0000,0.0000,0
1536,"No Loan",1,0.0000,0.0000,0
1539,"No Loan",1,0.0000,0.0000,0
1544,"No Loan",1,0.0000,0.0000,0
1545,"No Loan",1,0.0000,0.0000,0
1547,"No Loan",1,0.0000,0.0000,0
1565,"No Loan",1,0.0000,0.0000,0
1566,"No Loan",1,0.0000,0.0000,0
1575,"No Loan",1,0.0000,0.0000,0
1584,"No Loan",1,0.0000,0.0000,0
1589,"No Loan",1,0.0000,0.0000,0
1601,"No Loan",1,0.0000,0.0000,0
1602,"No Loan",1,0.0000,0.0000,0
1603,"No problems",1,78936.0000,12.0000,0
1610,"No Loan",1,0.0000,0.0000,0
1617,"No Loan",1,0.0000,0.0000,0
1628,"No Loan",1,0.0000,0.0000,0
1630,"No Loan",1,0.0000,0.0000,0
1637,"No Loan",1,0.0000,0.0000,0
1644,"No Loan",1,0.0000,0.0000,0
1649,"No Loan",1,0.0000,0.0000,0
1652,"No Loan",1,0.0000,0.0000,0
1658,"No Loan",1,0.0000,0.0000,0
1666,"No Loan",1,0.0000,0.0000,0
1671,"No Loan",1,0.0000,0.0000,0
1675,"No Loan",1,0.0000,0.0000,0
1678,"No Loan",1,0.0000,0.0000,0
1684,"No Loan",1,0.0000,0.0000,0
1688,"No Loan",1,0.0000,0.0000,0
1689,"No Loan",1,0.0000,0.0000,0
1694,"No Loan",1,0.0000,0.0000,0
1695,"No Loan",1,0.0000,0.0000,0
1699,"No Loan",1,0.0000,0.0000,0
1701,"No Loan",1,0.0000,0.0000,0
1705,"No Loan",1,0.0000,0.0000,0
1713,"No Loan",1,0.0000,0.0000,0
1719,"No Loan",1,0.0000,0.0000,0
1721,"No Loan",1,0.0000,0.0000,0
1726,"No Loan",1,0.0000,0.0000,0
1730,"No Loan",1,0.0000,0.0000,0
1731,"No Loan",1,0.0000,0.0000,0
1743,"No Loan",1,0.0000,0.0000,0
1750,"No Loan",1,0.0000,0.0000,0
1761,"No Loan",1,0.0000,0.0000,0
1767,"No Loan",1,0.0000,0.0000,0
1771,"No Loan",1,0.0000,0.0000,0
1773,"No Loan",1,0.0000,0.0000,0
1775,"No Loan",1,0.0000,0.0000,0
1779,"No Loan",1,0.0000,0.0000,0
1780,"No Loan",1,0.0000,0.0000,0
1782,"No Loan",1,0.0000,0.0000,0
1784,"No Loan",1,0.0000,0.0000,0
1786,"No Loan",1,0.0000,0.0000,0
1787,"Loan not paid",1,96396.0000,12.0000,0
1789,"No Loan",1,0.0000,0.0000,0
1801,"No problems",1,165960.0000,36.0000,0
1804,"No Loan",1,0.0000,0.0000,0
1805,"No Loan",1,0.0000,0.0000,0
1806,"No Loan",1,0.0000,0.0000,0
1809,"No Loan",1,0.0000,0.0000,0
1811,"Running, OK",1,239460.0000,60.0000,0
1815,"No Loan",1,0.0000,0.0000,0
1816,"No Loan",1,0.0000,0.0000,0
1822,"No Loan",1,0.0000,0.0000,0
1827,"No Loan",1,0.0000,0.0000,0
1829,"No Loan",1,0.0000,0.0000,0
1830,"No Loan",1,0.0000,0.0000,0
1831,"No Loan",1,0.0000,0.0000,0
1834,"No Loan",1,0.0000,0.0000,0
1837,"No Loan",1,0.0000,0.0000,0
1843,"No problems",1,105804.0000,36.0000,0
1844,"No Loan",1,0.0000,0.0000,0
1851,"No Loan",1,0.0000,0.0000,0
1852,"No Loan",1,0.0000,0.0000,0
1861,"No Loan",1,0.0000,0.0000,0
1874,"No Loan",1,0.0000,0.0000,0
1875,"No Loan",1,0.0000,0.0000,0
1887,"No Loan",1,0.0000,0.0000,0
1891,"No Loan",1,0.0000,0.0000,0
1892,"No Loan",1,0.0000,0.0000,0
1896,"No Loan",1,0.0000,0.0000,0
1898,"No Loan",1,0.0000,0.0000,0
1902,"No Loan",1,0.0000,0.0000,0
1909,"No Loan",1,0.0000,0.0000,0
1912,"No Loan",1,0.0000,0.0000,0
1925,"No Loan",1,0.0000,0.0000,0
1926,"No Loan",1,0.0000,0.0000,0
1930,"No Loan",1,0.0000,0.0000,0
1937,"No Loan",1,0.0000,0.0000,0
1941,"No Loan",1,0.0000,0.0000,0
1944,"No Loan",1,0.0000,0.0000,0
1947,"No Loan",1,0.0000,0.0000,0
1965,"No Loan",1,0.0000,0.0000,0
1966,"No Loan",1,0.0000,0.0000,0
1972,"No Loan",1,0.0000,0.0000,0
1978,"No problems",1,205200.0000,36.0000,0
1979,"No Loan",1,0.0000,0.0000,0
1981,"No Loan",1,0.0000,0.0000,0
1984,"No Loan",1,0.0000,0.0000,0
1990,"No Loan",1,0.0000,0.0000,0
1998,"No Loan",1,0.0000,0.0000,0
1999,"No Loan",1,0.0000,0.0000,0
2002,"No Loan",1,0.0000,0.0000,0
2008,"No Loan",1,0.0000,0.0000,0
2011,"No Loan",1,0.0000,0.0000,0
2020,"No Loan",1,0.0000,0.0000,0
2022,"No Loan",1,0.0000,0.0000,0
2023,"No Loan",1,0.0000,0.0000,0
2029,"No Loan",1,0.0000,0.0000,0
2037,"No Loan",1,0.0000,0.0000,0
2038,"No Loan",1,0.0000,0.0000,0
2039,"No Loan",1,0.0000,0.0000,0
2050,"No Loan",1,0.0000,0.0000,0
2052,"No Loan",1,0.0000,0.0000,0
2056,"No Loan",1,0.0000,0.0000,0
2061,"No Loan",1,0.0000,0.0000,0
2068,"No Loan",1,0.0000,0.0000,0
2070,"No Loan",1,0.0000,0.0000,0
2072,"No Loan",1,0.0000,0.0000,0
2078,"No Loan",1,0.0000,0.0000,0
2082,"No Loan",1,0.0000,0.0000,0
2087,"No Loan",1,0.0000,0.0000,0
2088,"No Loan",1,0.0000,0.0000,0
2099,"No Loan",1,0.0000,0.0000,0
2110,"No Loan",1,0.0000,0.0000,0
2122,"No Loan",1,0.0000,0.0000,0
2123,"No Loan",1,0.0000,0.0000,0
2124,"No Loan",1,0.0000,0.0000,0
2132,"No Loan",1,0.0000,0.0000,0
2137,"No Loan",1,0.0000,0.0000,0
2140,"No Loan",1,0.0000,0.0000,0
2146,"No Loan",1,0.0000,0.0000,0
2150,"No Loan",1,0.0000,0.0000,0
2167,"No problems",1,170256.0000,24.0000,0
2175,"No Loan",1,0.0000,0.0000,0
2176,"Loan not paid",1,299088.0000,36.0000,0
2177,"No Loan",1,0.0000,0.0000,0
2180,"No Loan",1,0.0000,0.0000,0
2186,"No Loan",1,0.0000,0.0000,0
2189,"No Loan",1,0.0000,0.0000,0
2199,"No Loan",1,0.0000,0.0000,0
2201,"No Loan",1,0.0000,0.0000,0
2213,"No Loan",1,0.0000,0.0000,0
2216,"No Loan",1,0.0000,0.0000,0
2219,"No Loan",1,0.0000,0.0000,0
2220,"No Loan",1,0.0000,0.0000,0
2222,"No Loan",1,0.0000,0.0000,0
2241,"No Loan",1,0.0000,0.0000,0
2242,"No Loan",1,0.0000,0.0000,0
2245,"Running, OK",1,347952.0000,48.0000,0
2250,"No Loan",1,0.0000,0.0000,0
2253,"No Loan",1,0.0000,0.0000,0
2256,"No Loan",1,0.0000,0.0000,0
2269,"No Loan",1,0.0000,0.0000,0
2271,"No Loan",1,0.0000,0.0000,0
2276,"No Loan",1,0.0000,0.0000,0
2282,"No Loan",1,0.0000,0.0000,0
2293,"No Loan",1,0.0000,0.0000,0
2298,"No Loan",1,0.0000,0.0000,0
2302,"No Loan",1,0.0000,0.0000,0
2313,"No Loan",1,0.0000,0.0000,0
2318,"No Loan",1,0.0000,0.0000,0
2321,"No Loan",1,0.0000,0.0000,0
2327,"No Loan",1,0.0000,0.0000,0
2330,"No Loan",1,0.0000,0.0000,0
2336,"No Loan",1,0.0000,0.0000,0
2342,"No Loan",1,0.0000,0.0000,0
2345,"Running, OK",1,199680.0000,60.0000,0
2357,"No Loan",1,0.0000,0.0000,0
2378,"No Loan",1,0.0000,0.0000,0
2379,"No Loan",1,0.0000,0.0000,0
2388,"No Loan",1,0.0000,0.0000,0
2393,"No Loan",1,0.0000,0.0000,0
2396,"No Loan",1,0.0000,0.0000,0
2410,"No Loan",1,0.0000,0.0000,0
2411,"No Loan",1,0.0000,0.0000,0
2417,"No Loan",1,0.0000,0.0000,0
2423,"No Loan",1,0.0000,0.0000,0
2425,"No Loan",1,0.0000,0.0000,0
2427,"No Loan",1,0.0000,0.0000,0
2428,"No Loan",1,0.0000,0.0000,0
2429,"No Loan",1,0.0000,0.0000,0
2433,"No Loan",1,0.0000,0.0000,0
2434,"No Loan",1,0.0000,0.0000,0
2435,"No Loan",1,0.0000,0.0000,0
2436,"No Loan",1,0.0000,0.0000,0
2453,"No Loan",1,0.0000,0.0000,0
2457,"No Loan",1,0.0000,0.0000,0
2458,"No Loan",1,0.0000,0.0000,0
2464,"No Loan",1,0.0000,0.0000,0
2467,"No Loan",1,0.0000,0.0000,0
2479,"No Loan",1,0.0000,0.0000,0
2484,"No Loan",1,0.0000,0.0000,0
2486,"No problems",1,24516.0000,12.0000,0
2488,"No Loan",1,0.0000,0.0000,0
2489,"No Loan",1,0.0000,0.0000,0
2493,"No Loan",1,0.0000,0.0000,0
2497,"No Loan",1,0.0000,0.0000,0
2503,"No Loan",1,0.0000,0.0000,0
2508,"No Loan",1,0.0000,0.0000,0
2510,"No Loan",1,0.0000,0.0000,0
2513,"No Loan",1,0.0000,0.0000,0
2519,"No Loan",1,0.0000,0.0000,0
2523,"No Loan",1,0.0000,0.0000,0
2527,"No Loan",1,0.0000,0.0000,0
2528,"No Loan",1,0.0000,0.0000,0
2534,"No Loan",1,0.0000,0.0000,0
2542,"No Loan",1,0.0000,0.0000,0
2543,"No Loan",1,0.0000,0.0000,0
2549,"No Loan",1,0.0000,0.0000,0
2552,"No Loan",1,0.0000,0.0000,0
2554,"No Loan",1,0.0000,0.0000,0
2555,"No Loan",1,0.0000,0.0000,0
2566,"No Loan",1,0.0000,0.0000,0
2574,"No Loan",1,0.0000,0.0000,0
2576,"No Loan",1,0.0000,0.0000,0
2581,"No Loan",1,0.0000,0.0000,0
2582,"No Loan",1,0.0000,0.0000,0
2583,"No Loan",1,0.0000,0.0000,0
2584,"No Loan",1,0.0000,0.0000,0
2585,"No Loan",1,0.0000,0.0000,0
2592,"No Loan",1,0.0000,0.0000,0
2599,"No Loan",1,0.0000,0.0000,0
2609,"No Loan",1,0.0000,0.0000,0
2613,"No Loan",1,0.0000,0.0000,0
2616,"No Loan",1,0.0000,0.0000,0
2617,"No Loan",1,0.0000,0.0000,0
2618,"No Loan",1,0.0000,0.0000,0
2620,"No Loan",1,0.0000,0.0000,0
2623,"No Loan",1,0.0000,0.0000,0
2632,"No Loan",1,0.0000,0.0000,0
2639,"No Loan",1,0.0000,0.0000,0
2641,"No Loan",1,0.0000,0.0000,0
2645,"No Loan",1,0.0000,0.0000,0
2647,"No Loan",1,0.0000,0.0000,0
2648,"No Loan",1,0.0000,0.0000,0
2649,"No Loan",1,0.0000,0.0000,0
2651,"No Loan",1,0.0000,0.0000,0
2660,"No Loan",1,0.0000,0.0000,0
2665,"No Loan",1,0.0000,0.0000,0
2666,"No Loan",1,0.0000,0.0000,0
2667,"No Loan",1,0.0000,0.0000,0
2670,"No Loan",1,0.0000,0.0000,0
2671,"No Loan",1,0.0000,0.0000,0
2676,"No Loan",1,0.0000,0.0000,0
2687,"No Loan",1,0.0000,0.0000,0
2691,"No Loan",1,0.0000,0.0000,0
2694,"No problems",1,91632.0000,12.0000,0
2695,"No Loan",1,0.0000,0.0000,0
2697,"No Loan",1,0.0000,0.0000,0
2700,"No Loan",1,0.0000,0.0000,0
2701,"No Loan",1,0.0000,0.0000,0
2705,"No problems",1,93888.0000,36.0000,0
2711,"No Loan",1,0.0000,0.0000,0
2712,"No Loan",1,0.0000,0.0000,0
2714,"No Loan",1,0.0000,0.0000,0
2732,"No Loan",1,0.0000,0.0000,0
2736,"No Loan",1,0.0000,0.0000,0
2738,"No Loan",1,0.0000,0.0000,0
2741,"No Loan",1,0.0000,0.0000,0
2758,"No Loan",1,0.0000,0.0000,0
2762,"No problems",1,111384.0000,24.0000,0
2763,"No Loan",1,0.0000,0.0000,0
2771,"No Loan",1,0.0000,0.0000,0
2779,"No Loan",1,0.0000,0.0000,0
2793,"No Loan",1,0.0000,0.0000,0
2802,"No Loan",1,0.0000,0.0000,0
2814,"No Loan",1,0.0000,0.0000,0
2817,"No Loan",1,0.0000,0.0000,0
2818,"No Loan",1,0.0000,0.0000,0
2823,"No Loan",1,0.0000,0.0000,0
2824,"Running, OK",1,50460.0000,60.0000,0
2838,"No Loan",1,0.0000,0.0000,0
2841,"No Loan",1,0.0000,0.0000,0
2849,"No Loan",1,0.0000,0.0000,0
2859,"No Loan",1,0.0000,0.0000,0
2861,"No Loan",1,0.0000,0.0000,0
2862,"No Loan",1,0.0000,0.0000,0
2867,"No Loan",1,0.0000,0.0000,0
2876,"No Loan",1,0.0000,0.0000,0
2880,"No Loan",1,0.0000,0.0000,0
2881,"No Loan",1,0.0000,0.0000,0
2884,"No Loan",1,0.0000,0.0000,0
2894,"No Loan",1,0.0000,0.0000,0
2895,"No Loan",1,0.0000,0.0000,0
2896,"No Loan",1,0.0000,0.0000,0
2902,"No Loan",1,0.0000,0.0000,0
2907,"No Loan",1,0.0000,0.0000,0
2915,"No Loan",1,0.0000,0.0000,0
2925,"No Loan",1,0.0000,0.0000,0
2926,"No Loan",1,0.0000,0.0000,0
2932,"No Loan",1,0.0000,0.0000,0
2933,"Running, OK",1,272520.0000,60.0000,0
2938,"No Loan",1,0.0000,0.0000,0
2940,"No Loan",1,0.0000,0.0000,0
2951,"No Loan",1,0.0000,0.0000,0
2958,"No Loan",1,0.0000,0.0000,0
2962,"No problems",1,31248.0000,12.0000,0
2970,"No Loan",1,0.0000,0.0000,0
2974,"No Loan",1,0.0000,0.0000,0
2985,"No Loan",1,0.0000,0.0000,0
2987,"No Loan",1,0.0000,0.0000,0
2991,"No Loan",1,0.0000,0.0000,0
3000,"No Loan",1,0.0000,0.0000,0
3001,"No Loan",1,0.0000,0.0000,0
3007,"No Loan",1,0.0000,0.0000,0
3008,"No Loan",1,0.0000,0.0000,0
3011,"No Loan",1,0.0000,0.0000,0
3026,"No Loan",1,0.0000,0.0000,0
3028,"No Loan",1,0.0000,0.0000,0
3032,"No Loan",1,0.0000,0.0000,0
3035,"No Loan",1,0.0000,0.0000,0
3042,"No Loan",1,0.0000,0.0000,0
3047,"No Loan",1,0.0000,0.0000,0
3050,"No problems",1,82896.0000,12.0000,0
3053,"No Loan",1,0.0000,0.0000,0
3063,"No Loan",1,0.0000,0.0000,0
3064,"No problems",1,15420.0000,12.0000,0
3068,"No Loan",1,0.0000,0.0000,0
3069,"No Loan",1,0.0000,0.0000,0
3072,"No Loan",1,0.0000,0.0000,0
3076,"No Loan",1,0.0000,0.0000,0
3078,"No Loan",1,0.0000,0.0000,0
3086,"No Loan",1,0.0000,0.0000,0
3091,"No Loan",1,0.0000,0.0000,0
3096,"No Loan",1,0.0000,0.0000,0
3099,"No Loan",1,0.0000,0.0000,0
3108,"No Loan",1,0.0000,0.0000,0
3113,"No Loan",1,0.0000,0.0000,0
3117,"No Loan",1,0.0000,0.0000,0
3127,"No Loan",1,0.0000,0.0000,0
3133,"No Loan",1,0.0000,0.0000,0
3136,"No Loan",1,0.0000,0.0000,0
3146,"No Loan",1,0.0000,0.0000,0
3152,"No Loan",1,0.0000,0.0000,0
3157,"No Loan",1,0.0000,0.0000,0
3166,"Client in debt",1,177744.0000,48.0000,1
3168,"No Loan",1,0.0000,0.0000,0
3171,"No Loan",1,0.0000,0.0000,0
3173,"No Loan",1,0.0000,0.0000,0
3181,"No Loan",1,0.0000,0.0000,0
3195,"No Loan",1,0.0000,0.0000,0
3210,"No Loan",1,0.0000,0.0000,0
3212,"No Loan",1,0.0000,0.0000,0
3213,"No Loan",1,0.0000,0.0000,0
3218,"No Loan",1,0.0000,0.0000,0
3220,"No Loan",1,0.0000,0.0000,0
3221,"No Loan",1,0.0000,0.0000,0
3222,"No Loan",1,0.0000,0.0000,0
3225,"No Loan",1,0.0000,0.0000,0
3237,"No Loan",1,0.0000,0.0000,0
3241,"No Loan",1,0.0000,0.0000,0
3243,"No Loan",1,0.0000,0.0000,0
3246,"No Loan",1,0.0000,0.0000,0
3255,"No Loan",1,0.0000,0.0000,0
3258,"No Loan",1,0.0000,0.0000,0
3260,"No Loan",1,0.0000,0.0000,0
3261,"No Loan",1,0.0000,0.0000,0
3264,"No Loan",1,0.0000,0.0000,0
3267,"No Loan",1,0.0000,0.0000,0
3268,"No Loan",1,0.0000,0.0000,0
3277,"No Loan",1,0.0000,0.0000,0
3283,"No Loan",1,0.0000,0.0000,0
3284,"No Loan",1,0.0000,0.0000,0
3287,"No Loan",1,0.0000,0.0000,0
3298,"No Loan",1,0.0000,0.0000,0
3302,"No Loan",1,0.0000,0.0000,0
3306,"No Loan",1,0.0000,0.0000,0
3310,"No Loan",1,0.0000,0.0000,0
3316,"No Loan",1,0.0000,0.0000,0
3319,"No Loan",1,0.0000,0.0000,0
3323,"No Loan",1,0.0000,0.0000,0
3326,"No Loan",1,0.0000,0.0000,0
3327,"No Loan",1,0.0000,0.0000,0
3352,"No Loan",1,0.0000,0.0000,0
3354,"No problems",1,4980.0000,12.0000,0
3361,"No Loan",1,0.0000,0.0000,0
3367,"No Loan",1,0.0000,0.0000,0
3370,"No Loan",1,0.0000,0.0000,0
3371,"No Loan",1,0.0000,0.0000,0
3374,"No Loan",1,0.0000,0.0000,0
3391,"No Loan",1,0.0000,0.0000,0
3407,"No Loan",1,0.0000,0.0000,0
3408,"No Loan",1,0.0000,0.0000,0
3413,"No Loan",1,0.0000,0.0000,0
3424,"No Loan",1,0.0000,0.0000,0
3435,"No Loan",1,0.0000,0.0000,0
3456,"No Loan",1,0.0000,0.0000,0
3465,"No Loan",1,0.0000,0.0000,0
3469,"No Loan",1,0.0000,0.0000,0
3477,"No Loan",1,0.0000,0.0000,0
3480,"No Loan",1,0.0000,0.0000,0
3483,"No Loan",1,0.0000,0.0000,0
3487,"No Loan",1,0.0000,0.0000,0
3493,"No Loan",1,0.0000,0.0000,0
3505,"No Loan",1,0.0000,0.0000,0
3509,"No Loan",1,0.0000,0.0000,0
3510,"No Loan",1,0.0000,0.0000,0
3513,"No Loan",1,0.0000,0.0000,0
3514,"No Loan",1,0.0000,0.0000,0
3521,"No Loan",1,0.0000,0.0000,0
3535,"No Loan",1,0.0000,0.0000,0
3538,"No Loan",1,0.0000,0.0000,0
3542,"No Loan",1,0.0000,0.0000,0
3545,"No Loan",1,0.0000,0.0000,0
3547,"No Loan",1,0.0000,0.0000,0
3548,"No Loan",1,0.0000,0.0000,0
3551,"No Loan",1,0.0000,0.0000,0
3554,"No Loan",1,0.0000,0.0000,0
3558,"No Loan",1,0.0000,0.0000,0
3566,"No Loan",1,0.0000,0.0000,0
3575,"No Loan",1,0.0000,0.0000,0
3580,"No Loan",1,0.0000,0.0000,0
3586,"No Loan",1,0.0000,0.0000,0
3592,"No Loan",1,0.0000,0.0000,0
3593,"No Loan",1,0.0000,0.0000,0
3600,"No Loan",1,0.0000,0.0000,0
3609,"No Loan",1,0.0000,0.0000,0
3613,"No Loan",1,0.0000,0.0000,0
3617,"No Loan",1,0.0000,0.0000,0
3618,"No Loan",1,0.0000,0.0000,0
3629,"Running, OK",1,158760.0000,60.0000,0
3640,"No Loan",1,0.0000,0.0000,0
3644,"No Loan",1,0.0000,0.0000,0
3649,"No Loan",1,0.0000,0.0000,0
3651,"No Loan",1,0.0000,0.0000,0
3654,"No Loan",1,0.0000,0.0000,0
3656,"No Loan",1,0.0000,0.0000,0
3660,"No Loan",1,0.0000,0.0000,0
3670,"No Loan",1,0.0000,0.0000,0
3674,"No problems",1,23628.0000,12.0000,0
3675,"No Loan",1,0.0000,0.0000,0
3678,"Client in debt",1,316140.0000,60.0000,1
3682,"No Loan",1,0.0000,0.0000,0
3683,"No Loan",1,0.0000,0.0000,0
3687,"No Loan",1,0.0000,0.0000,0
3688,"No Loan",1,0.0000,0.0000,0
3691,"No Loan",1,0.0000,0.0000,0
3693,"No Loan",1,0.0000,0.0000,0
3697,"No Loan",1,0.0000,0.0000,0
3699,"No Loan",1,0.0000,0.0000,0
3701,"No Loan",1,0.0000,0.0000,0
3704,"No Loan",1,0.0000,0.0000,0
3713,"No Loan",1,0.0000,0.0000,0
3720,"No Loan",1,0.0000,0.0000,0
3734,"No Loan",1,0.0000,0.0000,0
3738,"No Loan",1,0.0000,0.0000,0
3745,"No Loan",1,0.0000,0.0000,0
3748,"No Loan",1,0.0000,0.0000,0
3751,"No Loan",1,0.0000,0.0000,0
3760,"No Loan",1,0.0000,0.0000,0
3771,"No Loan",1,0.0000,0.0000,0
3775,"No Loan",1,0.0000,0.0000,0
3778,"No Loan",1,0.0000,0.0000,0
3781,"No Loan",1,0.0000,0.0000,0
3785,"No Loan",1,0.0000,0.0000,0
3786,"No Loan",1,0.0000,0.0000,0
3787,"No Loan",1,0.0000,0.0000,0
3788,"No Loan",1,0.0000,0.0000,0
3792,"No Loan",1,0.0000,0.0000,0
3796,"No Loan",1,0.0000,0.0000,0
3808,"No Loan",1,0.0000,0.0000,0
3818,"No Loan",1,0.0000,0.0000,0
3820,"No Loan",1,0.0000,0.0000,0
3822,"No Loan",1,0.0000,0.0000,0
3834,"No problems",1,23052.0000,12.0000,0
3835,"No Loan",1,0.0000,0.0000,0
3837,"No Loan",1,0.0000,0.0000,0
3844,"No Loan",1,0.0000,0.0000,0
3850,"No Loan",1,0.0000,0.0000,0
3863,"No Loan",1,0.0000,0.0000,0
3868,"No Loan",1,0.0000,0.0000,0
3871,"No Loan",1,0.0000,0.0000,0
3882,"No Loan",1,0.0000,0.0000,0
3883,"No Loan",1,0.0000,0.0000,0
3888,"No Loan",1,0.0000,0.0000,0
3891,"No Loan",1,0.0000,0.0000,0
3892,"No Loan",1,0.0000,0.0000,0
3909,"No Loan",1,0.0000,0.0000,0
3915,"No Loan",1,0.0000,0.0000,0
3920,"No Loan",1,0.0000,0.0000,0
3923,"No Loan",1,0.0000,0.0000,0
3927,"No Loan",1,0.0000,0.0000,0
3935,"No Loan",1,0.0000,0.0000,0
3939,"No Loan",1,0.0000,0.0000,0
3948,"No Loan",1,0.0000,0.0000,0
3954,"No Loan",1,0.0000,0.0000,0
3955,"No Loan",1,0.0000,0.0000,0
3960,"No Loan",1,0.0000,0.0000,0
3965,"No Loan",1,0.0000,0.0000,0
3969,"No Loan",1,0.0000,0.0000,0
3972,"No Loan",1,0.0000,0.0000,0
3977,"No Loan",1,0.0000,0.0000,0
3980,"No Loan",1,0.0000,0.0000,0
3982,"No Loan",1,0.0000,0.0000,0
3983,"No Loan",1,0.0000,0.0000,0
3999,"No Loan",1,0.0000,0.0000,0
4000,"No Loan",1,0.0000,0.0000,0
4013,"No Loan",1,0.0000,0.0000,0
4034,"No Loan",1,0.0000,0.0000,0
4035,"No Loan",1,0.0000,0.0000,0
4055,"No Loan",1,0.0000,0.0000,0
4059,"No Loan",1,0.0000,0.0000,0
4078,"No Loan",1,0.0000,0.0000,0
4079,"Running, OK",1,158976.0000,48.0000,0
4093,"No Loan",1,0.0000,0.0000,0
4119,"No Loan",1,0.0000,0.0000,0
4134,"No Loan",1,0.0000,0.0000,0
4159,"No Loan",1,0.0000,0.0000,0
4171,"No Loan",1,0.0000,0.0000,0
4173,"No Loan",1,0.0000,0.0000,0
4225,"No Loan",1,0.0000,0.0000,0
4240,"No Loan",1,0.0000,0.0000,0
4254,"No Loan",1,0.0000,0.0000,0
4255,"No Loan",1,0.0000,0.0000,0
4260,"Running, OK",1,244560.0000,60.0000,0
4287,"No Loan",1,0.0000,0.0000,0
4296,"No Loan",1,0.0000,0.0000,0
4318,"No Loan",1,0.0000,0.0000,0
4321,"No Loan",1,0.0000,0.0000,0
4347,"No Loan",1,0.0000,0.0000,0
4350,"No Loan",1,0.0000,0.0000,0
4352,"No Loan",1,0.0000,0.0000,0
4355,"No Loan",1,0.0000,0.0000,0
4377,"No Loan",1,0.0000,0.0000,0
4414,"No problems",1,97224.0000,24.0000,0
4427,"No problems",1,87816.0000,12.0000,0
4437,"No Loan",1,0.0000,0.0000,0
4448,"No problems",1,192744.0000,36.0000,0
4463,"No Loan",1,0.0000,0.0000,0
4470,"No Loan",1,0.0000,0.0000,0
4478,"No Loan",1,0.0000,0.0000,0
4484,"No Loan",1,0.0000,0.0000,0
4511,"No Loan",1,0.0000,0.0000,0
4543,"No Loan",1,0.0000,0.0000,0
4576,"No problems",1,300204.0000,36.0000,0
4596,"No Loan",1,0.0000,0.0000,0
4659,"No Loan",1,0.0000,0.0000,0
4743,"No Loan",1,0.0000,0.0000,0
4894,"No problems",1,117024.0000,24.0000,0
4937,"No problems",1,143904.0000,24.0000,0
5011,"No Loan",1,0.0000,0.0000,0
5065,"No Loan",1,0.0000,0.0000,0
5120,"No problems",1,323472.0000,48.0000,0
5129,"No Loan",1,0.0000,0.0000,0
5215,"No problems",1,14628.0000,12.0000,0
5228,"No problems",1,173808.0000,24.0000,0
5256,"No problems",1,193968.0000,36.0000,0
5270,"No problems",1,79608.0000,24.0000,0
5313,"Running, OK",1,300660.0000,60.0000,0
5343,"No Loan",1,0.0000,0.0000,0
5366,"No Loan",1,0.0000,0.0000,0
5369,"No Loan",1,0.0000,0.0000,0
5372,"No Loan",1,0.0000,0.0000,0
5385,"Running, OK",1,149340.0000,60.0000,0
5387,"No Loan",1,0.0000,0.0000,0
5423,"No Loan",1,0.0000,0.0000,0
5428,"Loan not paid",1,174744.0000,24.0000,0
5442,"Loan not paid",1,174744.0000,24.0000,0
5472,"No Loan",1,0.0000,0.0000,0
5481,"No problems",1,209184.0000,48.0000,0
5483,"No Loan",1,0.0000,0.0000,0
5546,"No Loan",1,0.0000,0.0000,0
5622,"No problems",1,83016.0000,12.0000,0
5700,"Client in debt",1,103680.0000,60.0000,1
5740,"No Loan",1,0.0000,0.0000,0
5767,"No Loan",1,0.0000,0.0000,0
5868,"No Loan",1,0.0000,0.0000,0
5891,"No problems",1,65184.0000,12.0000,0
5952,"No problems",1,141240.0000,24.0000,0
5984,"No Loan",1,0.0000,0.0000,0
6030,"No problems",1,28248.0000,24.0000,0
6034,"Loan not paid",1,464520.0000,60.0000,0
6040,"No problems",1,11736.0000,24.0000,0
6051,"Loan not paid",1,276660.0000,36.0000,0
6226,"Running, OK",1,398640.0000,60.0000,0
6273,"No problems",1,87360.0000,24.0000,0
6281,"No Loan",1,0.0000,0.0000,0
6363,"No problems",1,17508.0000,12.0000,0
6425,"No problems",1,36684.0000,12.0000,0
6473,"Loan not paid",1,76908.0000,12.0000,0
6555,"No problems",1,212400.0000,36.0000,0
6636,"No Loan",1,0.0000,0.0000,0
6701,"No problems",1,95400.0000,36.0000,0
6715,"Client in debt",1,137880.0000,60.0000,1
6897,"No Loan",1,0.0000,0.0000,0
6930,"No problems",1,25944.0000,24.0000,0
7011,"No Loan",1,0.0000,0.0000,0
7123,"No problems",1,47016.0000,12.0000,0
7133,"No problems",1,48672.0000,36.0000,0
7190,"Running, OK",1,63360.0000,60.0000,0
7203,"No Loan",1,0.0000,0.0000,0
7231,"No Loan",1,0.0000,0.0000,0
7401,"No problems",1,80952.0000,24.0000,0
7445,"No problems",1,55368.0000,24.0000,0
7454,"No problems",1,63312.0000,48.0000,0
7485,"No problems",1,91200.0000,24.0000,0
7607,"No problems",1,31728.0000,24.0000,0
7753,"No problems",1,51696.0000,24.0000,0
7769,"No problems",1,196080.0000,48.0000,0
7774,"No Loan",1,0.0000,0.0000,0
7819,"Running, OK",1,20832.0000,48.0000,0
7857,"No problems",1,68112.0000,12.0000,0
7965,"No problems",1,71460.0000,12.0000,0
8027,"No problems",1,77640.0000,12.0000,0
8041,"No problems",1,140400.0000,36.0000,0
8051,"No problems",1,208320.0000,48.0000,0
8073,"Loan not paid",1,49320.0000,12.0000,0
8129,"No problems",1,74736.0000,36.0000,0
8132,"No Loan",1,0.0000,0.0000,0
8173,"No problems",1,80340.0000,12.0000,0
8212,"No Loan",1,0.0000,0.0000,0
8260,"No problems",1,224604.0000,36.0000,0
8261,"No problems",1,87840.0000,24.0000,0
8321,"Running, OK",1,89040.0000,60.0000,0
8330,"No problems",1,7656.0000,24.0000,0
8475,"No problems",1,21072.0000,24.0000,0
8489,"No problems",1,265320.0000,36.0000,0
8519,"No problems",1,74688.0000,12.0000,0
8564,"No problems",1,76680.0000,24.0000,0
8566,"Loan not paid",1,230220.0000,36.0000,0
8625,"No problems",1,47304.0000,24.0000,0
8759,"No Loan",1,0.0000,0.0000,0
8934,"No Loan",1,0.0000,0.0000,0
8957,"No Loan",1,0.0000,0.0000,0
8982,"No problems",1,227880.0000,36.0000,0
9034,"No problems",1,38148.0000,12.0000,0
9041,"No Loan",1,0.0000,0.0000,0
9093,"Running, OK",1,189300.0000,60.0000,0
9188,"No problems",1,127080.0000,60.0000,0
9203,"No Loan",1,0.0000,0.0000,0
9236,"No problems",1,86616.0000,12.0000,0
9265,"No problems",1,39576.0000,12.0000,0
9307,"No problems",1,41904.0000,12.0000,0
9337,"No problems",1,52128.0000,24.0000,0
9403,"No problems",1,120888.0000,36.0000,0
9472,"No problems",1,36396.0000,12.0000,0
9591,"No problems",1,104712.0000,24.0000,0
9635,"No Loan",1,0.0000,0.0000,0
9640,"No problems",1,76416.0000,24.0000,0
9656,"No problems",1,139536.0000,24.0000,0
9703,"No Loan",1,0.0000,0.0000,0
9707,"No Loan",1,0.0000,0.0000,0
9828,"No problems",1,126600.0000,24.0000,0
9833,"No problems",1,97632.0000,12.0000,0
9869,"Running, OK",1,331560.0000,60.0000,0
9883,"No Loan",1,0.0000,0.0000,0
10036,"No Loan",1,0.0000,0.0000,0
10079,"Running, OK",1,167100.0000,60.0000,0
10105,"No problems",1,121896.0000,24.0000,0
10227,"No Loan",1,0.0000,0.0000,0
10266,"Loan not paid",1,75624.0000,24.0000,0
10320,"No problems",1,259740.0000,60.0000,0
10364,"No problems",1,21924.0000,36.0000,0
10440,"Running, OK",1,60000.0000,60.0000,0
10451,"Client in debt",1,482940.0000,60.0000,1
10656,"No Loan",1,0.0000,0.0000,0
10738,"No problems",1,115992.0000,36.0000,0
10906,"No Loan",1,0.0000,0.0000,0
10911,"No problems",1,131292.0000,36.0000,0
10940,"No problems",1,197748.0000,36.0000,0
10973,"No problems",1,154416.0000,48.0000,0
11013,"No problems",1,274740.0000,60.0000,0
11021,"Loan not paid",1,168984.0000,24.0000,0
11065,"No problems",1,69360.0000,48.0000,0
11111,"No problems",1,108144.0000,36.0000,0
11135,"No problems",1,182628.0000,36.0000,0
11265,"No problems",1,52788.0000,12.0000,0
11295,"No Loan",1,0.0000,0.0000,0
11320,"No Loan",1,0.0000,0.0000,0
